Ааронка: ААРОН;
Абакумка, Абаша: АВВАКУМ;
Абрамка, Абраха, Абраша: АВРААМ, АВРААМИЙ;
Аброся: АМВРОСИЙ;
Ава: АВГУСТ, АВГУСТА, АВЕЛИНА, АВЕЛЬ, АВЕНИР, АВЕНИРА, АВЕНТИН, АВЕНТИНА, АВИАФА, АВИМ, АВИЯ, АВРАМ, АВРЕЛИАН, АВРЕЛИЙ, АВРЕЛИЯ, АВРЕЯ, АВРОРА, КЛАВДИЙ, КЛАВДИЯ, ОКТАВИАН, ОКТАВИЙ, ОКТАВИЯ, САВВА, ФАВИЙ, ФЛАВИЯ;
Аввакумка, Аввакуша: АВВАКУМ;
Августа, Августинка: АВГУСТИН, АВГУСТИНА;
Авда: АВДЕЙ, АВДОН;
Авдаша, Авдейка: АВДЕЙ;
Авдоня: АВДОН, ЕВДОКИЯ;
Авдотька: Авдотьюшка: ЕВДОКИЯ;
Авдоха, Авдоша: АВДОН, ЕВДОКИЯ;
Авдуля: ЕВДОКИЯ;
Авдуся: АВДЕЙ, ЕВДОКИЯ;
Авдюня, Авдюся, Авдюха: АВДЕЙ;
Авдюша: АВДЕЙ, АВДИКИЙ, АВДОН;
Авдя: АВДЕЙ, АВДЕЛАЙ, АВДИКИЙ, АВДОН;
Авелинка: АВЕЛИНА;
Авеля: АВЕЛЬ;
Авенирка: АВЕНИР, АВЕНИРА;
Авентинка: АВЕНТИН, АВЕНТИНА;
Авера, Аверьянка, Аверя: АВЕРКИЙ;
Авива: АВИВ;
Авивка: АВИВА;
Авидка: АВИД;
Авиля: АВЕЛЬ;
Авимка: АВИМ;
Авксентьюшка, Авксюта, Авксюша: АВКСЕНТИЙ;
Авраамка, Аврааха, Аврааша: АВРААМ, АВРААМИЙ;
Аврамка, Авраха, Авраша: АВРААМ, АВРААМИЙ, АВРАМ;
Авреля: АВРЕЛИАН, АВРЕЛИЙ, АВРЕЛИЯ;
Аврорка: АВРОРА;
Авря: ТАВРИОН;
Авсейка: АВСЕЙ;
Автома, Автономка, Автюха, Автя: АВТОНОМ;
Ага: АВГУСТА, АГАП, АГАПА, АГАПИЯ, АГАТА, АГАФА, АГАФОНИКА, АГАФЬЯ, АГЛАИДА, АГЛАЯ, АГНЕССА, АГНИЯ;
Агава: АГАВ;
Аганя: АГАП, АГАФОН, АГАФЬЯ, АГНЕССА;
Агапа: АГАПИЯ;
Агапитка: АГАПИТ;
Агапка: АГАП, АГАПИТ;
Агапоша: АГАФОН;
Агатка: АГАТА;
Агафангелка: АГАФАНГЕЛ;
Агафонка: АГАФОН;
Агафоня: АГАФОН, АГАФОНИК;
Агафочка: АГАФА;
Агафоша: АГАФОН, АГАФОНИК;
Агафьюшка: АГАФЬЯ;
Агаха: АГАВ, АГАВВА, АГАФЬЯ;
Агаша: АГАВ, АГАВВА, АГАП, АГАПИЯ, АГАФОН, АГАФОНИКА, АГАФЬЯ, АГЛАИДА, АГЛАЯ;
Агейка: АГГЕЙ;
Аглаидка: АГЛАИДА;
Агланя: АГЛАИДА, АГЛАЯ;
Аглаха: АГЛАЙ;
Аглаша: АГЛАИДА, АГЛАЙ, АГЛАЯ;
Аглаюшка: АГЛАЯ;
Аглая: АГЛАИДА;
Агна: АГНЕССА, АГНИЯ;
Агнюха: АГН;
Агнюша: АГН, АГНА, АГНЕССА, АГНИЙ, АГНИЯ;
Агня: АГН, АГНА, АГНЕССА, АГНИЙ, АГНИЯ;
Аграфенка, Агрипинка: АГРИППИНА;
Агрипка: АГРИППА;
Агуля: АГЛАИДА, АГЛАЯ;
Агуся: АГНЕССА, АГНИЯ;
Ада: АДАМ, АДЕЛАИДА, АДЕЛИНА, АИДА, АРДАЛИОН, АРИАДНА, АРКАДИЯ, ОЛИМПИАДА, РАДА;
Адамушка, Адаша: АДАМ;
Аделаидка, Адель: АДЕЛАИДА;
Адельфа, Адельфинка: АДЕЛЬФИНА;
Аделя: АДЕЛАИДА, АДЕЛЬФИЙ, АДЕЛЬФИНА;
Адка: АДА;
Адоля: АДОЛИЙ, АДОЛИЯ;
Адрианка, Адриаха, Адриаша, Адриянка, Адрияха, Адрияша, Адря: АДРИАН;
Адуля, Адуся, Адуша, Адюня, Адюша: АДЕЛАИДА;
Адя: АВДЕЙ, АВДИКИЙ, АДАМ, АДЕЛАИДА, АДЕЛЬФИЙ, АДРИАН, АНЕМПОДИСТ, АРДАЛИОН, АРИАДНА, АРКАДИЙ, АРКАДИЯ, РАДИЙ, ТРОАДИЙ;
Аза: АЗАДАН, АЗАЛИЯ, АЗАРИЙ, АЗАТ;
Азарка: АЗАРИЙ;
Азка: АЗА;
Азя: АЗАДАН;
Аидка: АИДА;
Ака: АРСАКИЙ;
Акаха, Акаша: АКАКИЙ;
Акилинка: АКИЛИНА;
Акимка: ИАКИМ;
Акиндинка: АКИНДИН;
Акинфушка, Акиня, Акиша: ИАКИНФ;
Аксёнка, Аксентьюшка: АВКСЕНТИЙ;
Аксиньюшка, Аксюня: КСЕНИЯ;
Аксюта: АВКСЕНТИЙ, КСЕНИЯ;
Аксюха: КСЕНИЯ;
Аксюша, Акся: АВКСЕНТИЙ, КСЕНИЯ;
Акулинка, Акуля: АКИЛИНА;
Ала: АЛЕВТИНА, АЛИНА, АЛИСА, АЛЛА, АЭЛИТА, ОЛИМПИАДА;
Алевтинка: АЛЕВТИН, АЛЕВТИНА;
Алека, Алёка, Алёня, Алёха, Алёша: АЛЕКСЕЙ;
Алексана: АЛЕКСАНДРА;
Александринка: АЛЕКСАНДРИН, АЛЕКСАНДРИНА;
Александрушка, Алексаня, Алексаха, Алексаша: АЛЕКСАНДР, АЛЕКСАНДРА;
Алексейка: АЛЕКСЕЙ;
Алексинка: АЛЕКСИНА;
Алексюха: АЛЕКСАНДР, АЛЕКСАНДРА;
Алексюша, Алекся: АЛЕКСАНДР, АЛЕКСАНДРА;
Алёнка: ЕЛЕНА;
Алимка: АЛИМ;
Алина: АДЕЛИНА, АЛЬБИНА;
Алинка: АЛИНА;
Алиса: КАЛИСА, КАЛЛИСТА;
Алиска: АЛИСА;
Алла: ГАЛЛА;
Алоня: АЛОНИЙ;
Альба: АЛЬБИН;
Альбинка: АЛЬБИН, АЛЬБИНА;
Альва: САЛЬВИЙ, САЛЬВИЯ;
Альвианка: АЛЬВИАН;
Альвинка: АЛЬВИНА;
Альфа: АЛЬФРЕД;
Альфочка: АЛЬФА, АЛЬФИЙ, АЛЬФИЯ;
Альфредка: АЛЬФРЕД;
Алюня: АЛЕКСЕЙ, АЛЛА;
Алюся: АЛЛА, САЛЬВИЙ, САЛЬВИЯ;
Алюша: АЛФЕЙ, АЛЬФИЙ, АЛЬФИЯ, ОЛИМПИАН;
Аля: АЛЕВТИН, АЛЕВТИНА, АЛЕКСАНДР, АЛЕКСАНДРА, АЛЕКСЕЙ, АЛЕКСИНА, АЛЕФ, АЛИМ, АЛИНА, АЛИПИЙ, АЛИСА, АЛЛА, АЛФЕЙ, АЛЬБЕРТ, АЛЬБИН, АЛЬБИНА, АЛЬВИАН, АЛЬВИНА, АЛЬФА, АЛЬФИЙ, АЛЬФИЯ, АЛЬФРЕД, АПОЛЛОН, АСКОЛЬД, АЭЛИТА, ГАЛИНА, ГАЛЯ, КАЛЛИСТА, ОЛЕГ, ОЛИМПИАДА, ОЛИМПИАН, САЛЬВИЙ, САЛЬВИЯ, ЮВЕНАЛИЙ;
Амося: АМОС;
Ама: АМАЛИЯ, АМАТА, ПИАМА;
Амаля: АМАЛИЯ;
Амвроска, Амвроська: АМВРОСИЙ;
Амелфушка: МАМЕЛФА;
Амурка: АМУР;
Амфианка: АМФИАН;
Амфилоха, Амфилоша: АМФИЛОХИЙ;
Ана: АНАТОЛИЯ, АННА, ДИАНА, ОКЕАН, РОДОПИАН, ЮЛИАНА;
Ананя: АНАНИЙ;
Анастасиюшка: АНАСТАСИЯ;
Анастаска: АНАСТАСИЙ, АНАСТАСИЯ;
Анастасьюшка: АНАСТАСИЙ;
Анатолька: АНАТОЛИЙ;
Анаха, Анаша: АНАНИЙ;
Анга: АНГИЙ;
Ангела: АНГЕЛ, АНГЕЛИН, АНГЕЛИНА;
Ангелинка: АНГЕЛИНА;
Ангелка, Ангелька: АНГЕЛА;
Ангеля: АНГЕЛА, АНГЕЛИН, АНГЕЛИНА, АНГЕЛЯР;
Анда: АНДРОНА;
Андрейка: АНДРЕЙ;
Андрианка, Андриаха, Андриаша, Андриянка, Андрияха, Андрияша: АДРИАН;
Андронка: АНДРОНА;
Андроня, Андроша: АНДРОНИК;
Андрюня, Андрюха: АНДРЕЙ;
Андрюша: АДРИАН, АНДРЕЙ, МЕНАНДР;
Андря: АДРИАН, АНДРЕЙ;
Андя: АНДРОНА;
Анжела: АНЖЕЛИКА;
Аника: АНИКИЙ, АНИКИТА;
Аникейка: АНИКИЙ;
Аникитка, Аникуша: АНИКИТА;
Анимаиска: АНИМАИСА;
Анинка: АНИН;
Аниса: АНИСИЙ, АНИСЬЯ, ОНИСИМ;
Анисимушка: ОНИСИМ;
Анисьюшка: АНИСЬЯ;
Анися: АНИСИЙ, АНИСЬЯ, ОНИСИМ;
Аннета, Аннечка, Анночка, Аннуся, Аннуша, Аннушка, Аннюня, Аннюся: АННА;
Антипа, Антипатрушка: АНТИПАТР;
Антипка: АНТИП;
Антонидка: АНТОНИНА;
Антонинка: АНТОНИН, АНТОНИНА;
Антонка: АНТОН;
Антонюшка: АНТОНИЯ;
Антоня: АНТОН, АНТОНИН;
Антося: АНТОН, АНТОНИН, АНТОНИНА, АНТОНИЯ;
Антоха: АНТИОХ, АНТОН;
Антоша: АНТИОХ, АНТОН, АНТОНИНА, АНТОНИЯ;
Антропка, Антропьюшка: ЕВТРОПИЙ;
Антя: АНТОН, ГИГАНТИЙ;
Ануря: АНУРИЙ;
Ануся: АННА;
Ануфриюшка: ОНУФРИЙ;
Ануша: АННА, ОНУФРИЙ;
Анфейка: АНФИЯ;
Анфея: ЕВАНФИЯ;
Анфизка: АНФИСА;
Анфима: АНФИМИЙ;
Анфимка: АНФИМ, АНФИМА;
Анфиска: АНФИСА;
Анфиша: АНФИМ, АНФИМА;
Анфуска, Анфуся: АНФУСА;
Анюра, Анюся, Анюта: АННА;
Анюша: АННА, ЮЛИАНА, ЮЛИАНИЯ;
Аня: АНГИЙ, АНДРОНА, АНИСЬЯ, АННА, АНТОНИАНА, АНФИМА, ВИВИАНА, ГЕЛИАНА, ДИАНА, КИРИАНА, ЛИАНА, ЛИЛИАНА, ЛУКИАНА, РУФИНИАНА, СУСАННА, ФАБИАН, ФЕЛИЦИАНА, ФЛОРИАНА, ХРИСТИАН, ХРИСТИАНА, ЮЛИАНА, ЮЛИАНИЯ;
Апа: АПОЛЛ, АПОЛЛИНАРИЙ, АПОЛЛИНАРИЯ, АПФИЯ;
Апанаска: АФАНАСИЙ;
Апеля: АПЕЛЛИЙ;
Апола: АПОЛЛОН;
Аполка: АПОЛЛ;
Аполлинарка: АПОЛЛИНАРИЙ, АПОЛЛИНАРИЯ;
Аполлонушка, Аполоша: АПОЛЛОН, АПОЛЛОНИЙ;
Аполя: АПОЛЛИНАРИЙ, АПОЛЛИНАРИЯ, АПОЛЛОН, АПОЛЛОНИЙ, АПОЛЛОНИЯ;
Апрелька: АПРЕЛИЯ;
Апроня: АПРОНИАН;
Апря: АПРЕЛЬ;
Ара: АВРОРА, АРИАДНА, АРИЯ, АРМЕНИЙ, САРРА, ТАРАСИЯ;
Аргента: АРГЕНТЕЯ, АРГЕНТИНА;
Аргентинка: АРГЕНТИНА;
Арданя, Ардаша: АРДАЛИОН;
Арефка, Ареша: АРЕФИЙ;
Ариадночка: АРИАДНА;
Арианка: АРИАН;
Аринка: ИРИНА;
Арионка: АРИОН;
Ариса: АРИС;
Аристаха, Аристаша: АРИСТАРХ;
Аристовулка: АРИСТОВУЛ;
Аристя: АРИСТАРХ, АРИСТИД;
Ариша: ИРИНА;
Аркадьюшка, Аркаша: АРКАДИЙ;
Армина: АРМИНИЯ;
Арнольдик: АРНОЛЬД;
Арона: АРОНОС;
Аронка: ААРОН;
Ароня, Ароха, Ароша: АРОНОС;
Арса: АРСАКИЙ, АРСЕНИЙ, АРСЕНИЯ;
Арсеньюшка: АРСЕНИЙ, АРСЕНИЯ;
Арсеня, Арсюта: АРСЕНИЙ;
Арсюха: АРСАКИЙ;
Арсюша: АРСЕНИЯ;
Арся: АРСАКИЙ, АРСЕНИЙ, АРСЕНИЯ;
Артамонка, Артамоха, Артамоша, Артёма: АРТАМОН;
Артемидка: АРТЕМИДА;
Артёмка: АРТЕМИЙ;
Артемонка: АРТАМОН;
Артёмчик: АРТЕМИЙ;
Артемьюшка: АРТЕМИЙ, АРТЕМИЯ;
Артёша: АРТЕМИЙ;
Артурка: АРТУР;
Артюня, Артюха: АРТАМОН, АРТЕМИЙ;
Артюша, Артя: АРТАМОН, АРТЕМИЙ, АРТЕМИЯ, АРТУР;
Архипка: АРХИПП;
Арюха, Арюша: ИРИНА;
Аря: АРДАЛИОН, АРЕФИЙ, АРИАДНА, АРИАН, АРИЙ, АРИКС, АРИОН, АРИС, АРИСТАРХ, АРИСТИД, АРИЯ, АРКАДИЙ, АРКАДИЯ, АРМЕНИЙ, АРМИНИЯ, АРХИПП, ВАРСОНОФИЙ, ПЛУТАРХ;
Аса: АСТА;
Асафка: ИОСАФ;
Аскаха, Аскаша: АСКАЛОН;
Аскольдик: АСКОЛЬД;
Астеша: АСТЕРИЙ;
Асточка: АСТА;
Астрочка: АСТРА;
Астюха, Астюша, Астя: АСТИЙ, АСТИОН;
Асюта: ГЕЛАСИЙ, ГЕЛАСИЯ;
Ася: АГНЕССА, АГНИЯ, АЛЕКСАНДР, АЛЕКСАНДРА, АНАСТАСИЙ, АННА, АРСЕНИЯ, АСКОЛЬД, АСТА, АСТИЙ, АСТИОН, АСТРА, ВАСИЛИДА, ГЕЛАСИЙ, ГЕЛАСИЯ, ИОСАФ, КСЕНИЯ, МИХАИЛ, РЕАС, ТАИСИЯ, ТАРАС, ТАРАСИЯ;
Атюха: АТТИК;
Атя: АРТУР, АТТИЙ, АТТИК, СТРАТОР;
Афа: АВИАФА;
Афанаса: АФАНАСИЙ, АФАНАСИЯ;
Афанасьюшка: АФАНАСИЙ;
Афанася: АФАНАСИЙ, АФАНАСИЯ;
Афиногенка: АФИНОГЕН;
Афинодорка: АФИНОДОР;
Афоня: АГАФОН, АФАНАСИЙ, АФАНАСИЯ, АФОНИЙ;
Афося: АФАНАСИЙ, АФАНАСИЯ;
Афра, Африканка, Африкаша: АФРИКАН;
Ахилка: АХИЛЛ;
Аэлитка: АЭЛИТА;
Аэтя: АЭТИЙ;
Ая: АИДА;

Бажай, Бажан: БАЖЕН;
Банюша, Баня: УРБАН, УРБАНА;
Баря: ЭЛИЗБАР;
Бая: БАЯН;
Беата, Беатриска: БЕАТРИСА;
Беда: ПОБЕДА;
Бела: БЕЛОСЛАВ, БЕЛОСЛАВА, ИЗАБЕЛЛА;
Белка: БЕЛЛА;
Белла: ИЗАБЕЛЛА;
Беля: БЕЛЛА;
Бена: БЕНЕДИКТ, БЕНЕДИКТА;
Беня: БЕНЕДИКТ, БЕНЕДИКТА, РУБЕНТИЙ;
Бера: АЛЬБЕРТ;
Беря: ТИБЕРИЙ;
Бета: БЕАТРИСА, БЕРТА;
Бетя: БЕРТА;
Бина: АЛЬБИН, АЛЬБИНА, ОКТЯБРИНА, САБИНА;
Благославка: БЛАГОСЛАВ;
Бога: БОГДАН, БОГДАНА, БОГОЛЕП, БОЖЕНА;
Богда: БОГДАН;
Богданка, Богдаша, Бодя: БОГДАН, БОГДАНА;
Боженка: БОЖЕНА;
Болеславка: БОЛЕСЛАВА;
Бонифатка, Боня: БОНИФАТИЙ;
Бор: БОРИС;
Бора: ДЕБОРА;
Бориска: БОРИС;
Бориславка: БОРИСЛАВА;
Боруля, Борюля, Борюня, Борюся, Борюха: БОРИС;
Боря: БОРИМИР, БОРИС, БОРИСЛАВ, РАТИБОР, ЭЛИЗБАР;
Боянка: БОЯНА;
Брина: ДЕКАБРИН, ДЕКАБРИНА, НОЯБРИНА, ОКТЯБРИН, ОКТЯБРИНА;
Броня: БРОНИСЛАВ, БРОНИСЛАВА;
Бряча: БРЯЧИСЛАВ;
Буся: ЛЮБОВЬ;

Вава: ВАВИЛА, ВАРВАР, ВЛАДИМИР, ВСЕВОЛОД, ВЯЧЕСЛАВ;
Вавилка: ВАВИЛА;
Вавуля, Вавуся: ВАВИЛА, ВЛАДИМИР;
Вага, Вагря: ЕВАГРИЙ;
Вадимка, Вадиша, Вадюша: ВАДИМ;
Вадя: ВАДИМ, ВЛАДИЛЕН, ВЛАДИЛЕНА, ВЛАДИМИР, ВЛАДЛЕН, ВЛАДЛЕНА;
Вака: ВАКХ, ВАЛЕРИАН, ВАСИЛИЙ;
Вакханя: ВАКХ;
Валёна: ВАЛЕНТИНА;
Валентик: ВАЛЕНТ;
Валентинка: ВАЛЕНТИН, ВАЛЕНТИНА;
Валера: ВАЛЕРИАН, ВАЛЕРИЙ, ВАЛЕРИЯ;
Валерьянка, Валерьяша: ВАЛЕРИАН;
Валеша: ВАЛЕРИЙ;
Валюня, Валюся, Валюха: ВАЛЕНТ, ВАЛЕНТИН, ВАЛЕНТИНА, ВАЛЕРИАН;
Валюша: ВАЛЕНТИН, ВАЛЕНТИНА, ВАЛЕРИАН;
Валя: ВАЛЕНСИЯ, ВАЛЕНТ, ВАЛЕНТИН, ВАЛЕНТИНА, ВАЛЕНТИОН, ВАЛЕРИАН, ВАЛЕРИЙ, ВАЛЕРИЯ;
Валяха: ВАЛЕНТИН;
Вана: ВАНДА, МИЛОВАН, СИЛЬВАН, СИЛЬВАНА;
Вандочка: ВАНДА;
Ванюра, Ванюся, Ванюта, Ванютя Ванюха: ИВАН;
Ванюша: ИВАН, СИЛЬВАН, УРВАН;
Ваня: ЕВСЕВОН, ИВАН, ИВАННА, КЕТЕВАНЬ, СЕЛИВАН, СИЛЬВАН, УРВАН;
Ванята: ИВАН;
Вара: ВАР, ВАРАДАТ, ВАРАК, ВАРВАР, ВАРВАРА, ВАРНАВА, ВАРСАВА, ВАРУЛ, ВАРФОЛОМЕЙ, УВАР;
Варака, Варакуша: ВАРАК;
Варварка: ВАРВАРА;
Варлаамка, Варламка, Варлаха, Варлаша: ВАРЛААМ;
Варнавка: ВАРНАВА;
Варсавка: ВАРСАВА;
Варсонофушка, Варсуня: ВАРСОНОФИЙ;
Варсюха: ВАРСИС, ВАРСОНОФИЙ;
Варсюша: ВАРСОНОФИЙ;
Варся: ВАРСИС, ВАРСОНОФИЙ;
Варфоломейка, Варфоломка: ВАРФОЛОМЕЙ;
Варюня, Варюся, Варюта, Варюха: ВАРВАРА;
Варя: ВАРВАР, ВАРВАРА, ВАРСАВА, ВАРУЛ, ВАРФОЛОМЕЙ, ЯНУАРИЙ;
Васа: ВАСИЛИСА, ВАСИЛЛА, ВАСС, ВАССА;
Васёна: ВАСИЛИЙ, ВАСИЛИСА;
Васёня: ВАСИЛИЙ, ВАСИЛИСА, ВАССА;
Василёк: ВАСИЛИЙ;
Василидка: ВАСИЛИД, ВАСИЛИДА;
Василинка: ВАСИЛИНА;
Василиска: ВАСИЛИСА, ВАСИЛИСК;
Василка: ВАСИЛЛА;
Василька: ВАСИЛИЙ, ВАСИЛИСА;
Василько, Васильюшка: ВАСИЛИЙ;
Вассочка: ВАССА;
Васюня: ВАСИЛИЙ, ВАСИЛИСА, ВАССА;
Васюра: ВАСИЛИЙ;
Васюта: ВАСИЛИД, ВАСИЛИЙ, ВАСИЛИОН, ВАСИЛИСК, ВАСИЛИЯ, ВАССА, ВАССИАН;
Васюха: ВАСИЛИЙ, ВАССА;
Васюша: ВАСИЛИЙ;
Вася: ВАСИЛЕЙ, ВАСИЛИД, ВАСИЛИДА, ВАСИЛИЙ, ВАСИЛИНА, ВАСИЛИОН, ВАСИЛИСА, ВАСИЛИСК, ВАСИЛИЯ, ВАСИЛЛА, ВАСИЛЬКО, ВАСС, ВАССА, ВАССИАН, ГЕРВАСИЙ;
Васяй, Васяка, Васяна, Васяня, Васята, Васяха, Васяша: ВАСИЛИЙ;
Ватута: ВАТ;
Ватя: ВАТ, САВВАТИЙ, САВВАТИЯ, ТОРКВАТ;
Вахруша: ВАРФОЛОМЕЙ;
Ваца: ВАЦЛАВ, ВАЦЛАВА;
Веденя, Ведя: ВЕНЕДИКТ;
Века: РЕВЕККА;
Вела: ВЕЛИМИР, ВИОЛЕТТА, НОВЕЛЛА, САВЕЛЛА, ЭВЕЛИНА;
Велизарка: ВЕЛИЗАРИЙ;
Веля: АВЕЛЬ, ВЕЛИЗАРИЙ, ВЕЛИМИР, ВЕЛИМИРА, НОВЕЛЛА, САВЕЛЛА, СИВЕЛ, ЭВЕЛИНА, ЮВЕНАЛИЙ;
Вена: АВЕНИР, АВЕНИРА, АВЕНТИН, АВЕНТИНА, ВЕНАНТИЙ, ВЕНЕДИКТ, ВЕНЕДИКТА, ВЕНЕДИМ, ВЕНЕРА, ВЕНЕРИЙ, ВЕНИАМИН, ВЕНУСТ, ВЕНУСТА, ВЕНЦЕСЛАВ, ВЕНЦЕСЛАВА, ЮВЕНАЛИЙ;
Венедиктушка: ВЕНЕДИКТ;
Венерка: ВЕНЕРА;
Вениаминка: Венуля, Венура, Венуся, Венуша, Венюля, Венюра, Венюся, Венюша: ВЕНИАМИН;
Веня: АВЕНИР, АВЕНИРА, АВЕНТИН, АВЕНТИНА, ВЕНАНТИЙ, ВЕНДИМИАН, ВЕНЕДИКТ, ВЕНЕДИКТА, ВЕНЕДИМ, ВЕНЕРА, ВЕНЕРИЙ, ВЕНИАМИН, ВЕНУСТ, ВЕНУСТА, ВЕНЦЕСЛАВ, ВЕНЦЕСЛАВА, ЕВВЕНТИЙ, ЮВЕНАЛИЙ, ЮВЕНТИН;
Вера: АВЕНИР, АВЕРКИЙ, ВЕНЕРА, ВЕРЕНИКА, ВЕРК, ВЕРОНИК, ВЕРОНИКА, ВЕРОНИЯ, ЛИВЕРИЙ, САВЕРИЙ, СЕВЕР;
Вераня, Вераха, Вераша, Верка: ВЕРА;
Вероничка: ВЕРОНИКА;
Веронка: ВЕРОНИЯ;
Вероня: ВЕРОНИКА, ВЕРОНИЯ;
Веруля: ВЕРА;
Веруня: ВЕРА, ВЕРОНИК, ВЕРОНИКА, ВЕРОНИЯ;
Веруся: ВЕРА, ВЕРОНИЯ;
Веруха: ВЕРА;
Веруша: ВЕРА, ВЕРЕНИКА, ВЕРОНИКА, ВЕРОНИЯ;
Веря: ВЕРК;
Веста: ВЕСТИТА;
Весточка: ВЕСТА;
Вета: ВЕСТА, ВИОЛЕТТА, ЕЛИЗАВЕТА, СВЕТЛАН, СВЕТЛАНА, СВЕТОЗАРА;
Вея: ВЕВЕЯ, ВИВЕЯ, ФИВЕЯ;
Вианорка: ВИАНОР;
Вива: АВИВ, АВИВА, ВЕВЕЯ, ВИВЕЯ, ВИВИАН, ВИВИАНА;
Вивианка: ВИВИАН, ВИВИАНА;
Вида, Виданка: ВИДАНА;
Видя: ДАВИД;
Вика: ВИАНОР, ВИКЕНТИЙ, ВИКЕНТИЯ, ВИКТОР, ВИКТОРИЙ, ВИКТОРИН, ВИКТОРИЯ, ВИЛЕНИНА, УРВИКИЙ;
Викаша: ВИКЕНТИЙ;
Викентьюшка, Викеша: ВИКЕНТИЙ, ВИКЕНТИЯ;
Викта: ВИКТОР, ВИКТОРИНА, ВИКТОРИЯ;
Виктора: ВИКТОРИН;
Викторинка: ВИКТОРИН, ВИКТОРИНА;
Викторка: ВИКТОР, ВИКТОРИЙ, ВИКТОРИЯ;
Виктуся: ВИКТОР, ВИКТОРИЯ;
Викулка, Викуха: ВУКОЛ;
Викуша: ВИКТОРИЯ, ВУКОЛ;
Вила: ВИЛ, ВИЛЕН, ВИЛЕНА, ВИЛЕНИН, ВИЛЕНИНА, ВИЛОРА, ВИОЛА, ИОВИЛЛА;
Виленинка: ВИЛЕНИН, ВИЛЕНИНА;
Виленка: ВИЛЕН, ВИЛЕНА;
Вилорка: ВИЛОРА;
Виля: АВЕЛЬ, ВИЛ, ВИЛЕН, ВИЛЕНА, ВИЛЕНИН, ВИЛЕНИНА, ВЛАДИЛЕН, САРВИЛ, ТРАНКВИЛЛИН, ТРАНКВИЛЛИНА;
Вина: САВИН, САВИНА;
Виня: ВЕНЕДИКТ, ВЕНИАМИН, САВИН, САВИНА, САВИНИАН, ФОРВИН;
Виола, Виолетка: ВИОЛЕТТА;
Виолка: ВИОЛА;
Вира: АВЕНИР, АВЕНИРА, ВИР, ВИРГИНИЯ, ВИРИЛАД, ВИРИНЕЯ, СЕВИР, ЭЛЬВИРА;
Виргина, Виргиня: ВИРГИНИЯ;
Вириладка: ВИРИЛАД;
Виринеюшка: ВИРИНЕЯ;
Виса, Виссара, Виссарионка, Вися: ВИССАРИОН;
Вита: ВИКТОР, ВИКТОРИЙ, ВИКТОРИН, ВИКТОРИНА, ВИКТОРИЯ, ВИОЛЕТТА, ВИТ, ВИТАЛИАН, ВИТАЛИЙ, ВИТАЛИК, ВИТАЛИКА, ВИТАЛИНА, ВИТАЛИЯ, ВИТОЛЬД, ВИТОЛЬДА;
Виталинка: ВИТАЛИНА;
Виталя: ВИТАЛ, ВИТАЛИАН, ВИТАЛИЙ, ВИТАЛИК, ВИТАЛИКА, ВИТАЛИЯ;
Витаня: ВИКТОР;
Витася: ВИКТОР, ВИКТОРИНА, ВИТАЛИЙ;
Витаха: ВИКТОР, ВИКТОРИЙ, ВИКТОРИН, ВИТАЛИЙ;
Виташа: ВИКТОР, ВИКТОРИЙ, ВИКТОРИН, ВИКТОРИНА, ВИТАЛИЙ;
Витёша: ВИКТОР;
Витка: ВИТА;
Витоша: ВИКТОР;
Витуля: ВИКТОР, ВИКТОРИЯ, ВИОЛЕТТА, ВИТАЛИЙ;
Витуня: ВИКТОР;
Витуся: ВИКТОР, ВИКТОРИНА, ВИОЛЕТТА, ВИТА;
Витуша: ВИКТОР;
Витушка: ВИКТОРИН;
Витюля, Витюня, Витюся: ВИКТОР;
Витюха: ВИКТОР, ВИКТОРИН;
Витюша: ВИКТОР, ВИКТОРИК, ВИКТОРИН, ВИКТОРИНА, ВИТОЛЬД, ВИТОЛЬДА;
Витюшка: ВИКТОРИН;
Витя: ВИКТОР, ВИКТОРИЙ, ВИКТОРИК, ВИКТОРИН, ВИКТОРИНА, ВИКТОРИЯ, ВИТ, ВИТА, ВИТАЛ, ВИТАЛИАН, ВИТАЛИЙ, ВИТАЛИК, ВИТАЛИКА, ВИТАЛИНА, ВИТОЛЬД, ВИТОЛЬДА;
Витяня, Витяся, Витяха, Витяша: ВИКТОР;
Вифа: ВИФОНИЙ, ТАВИФА;
Виша, Вишута: ВИКТОР;
Вия: АВИЯ, АЛЬВИАН, ВИАНОР, ФЛАВИЯ;
Влада: ВЛАДИЛЕНА, ВЛАДИМИР, ВЛАДИМИРА, ВЛАДИСЛАВ, ВЛАДИСЛАВА, ВЛАДЛЕНА;
Владиленка: ВЛАДИЛЕН, ВЛАДИЛЕНА;
Владимирушка: ВЛАДИМИР;
Владиславка: ВЛАДИСЛАВ, ВЛАДИСЛАВА;
Владленка: ВЛАДЛЕН, ВЛАДЛЕНА;
Владя: ВЛАДИЛЕН, ВЛАДИЛЕНА, ВЛАДИМИР, ВЛАДИМИРА, ВЛАДИСЛАВ, ВЛАДИСЛАВА, ВЛАДЛЕН, ВЛАДЛЕНА;
Влася: ВЛАС, ЕВЛАСИЙ;
Вова: ВЛАДИМИР, ВСЕВОЛОД;
Вовуля, Вовуня, Вовуся, Вовуша: ВЛАДИМИР;
Водя: ВСЕВОЛОД;
Водяша: ВЛАДИМИР;
Воиславка: ВОИСЛАВ, ВОИСЛАВА;
Володюка, Володюня, Володюха, Володюша: ВЛАДИМИР;
Володя: ВЛАДИМИР, ВСЕВОЛОД, РОГВОЛОД;
Володяка, Володяха: ВЛАДИМИР;
Волюка, Волюша: ВОЛЯ;
Воля: ВЛАДИМИР, ВСЕВОЛОД;
Вонифатьюшка, Воня: ВОНИФАТИЙ;
Всева, Всеволодушка: ВСЕВОЛОД;
Всеславушка: ВСЕСЛАВ, ВСЕСЛАВА;
Вуколка: ВУКОЛ;
Вяча, Вячеславка: ВЯЧЕСЛАВ;

Гава: ГАВЕДДАЙ;
Гаврилка, Гаврюня, Гаврюся, Гаврюха, Гаврюша, Гавря, Гавша, Гаганя: ГАВРИИЛ;
Гаина: ГАЯНИЯ;
Гайка: ГАЯ;
Гака: ГАЙ;
Гала: ГАЛАКТИОН, ГАЛАТА, ГАЛАТЕЯ, ГАЛИК, ГАЛИНА, ГАЛЛА;
Галактионка, Галаня: ГАЛАКТИОН;
Галата, Галатеюшка: ГАЛАТЕЯ;
Галатка: ГАЛАТА;
Галаха: ГАЛАКТИОН;
Галаша: ГАЛАКТИОН, ГАЛИК;
Галей: ГАЛИК;
Галёк, Галёка, Галика, Галинка, Галинуха, Галинуша, Галиха, Галиша: ГАЛИНА;
Галка: ГАЛА, ГАЛЯ;
Галуня: ГАЛАКТИОН;
Галуха, Галуша: ГАЛИНА;
Галька: ГАЛЯ;
Галюня: ГАЛА, ГАЛАКТИОН, ГАЛИК, ГАЛИНА, ГАЛЯ;
Галюся: ГАЛА, ГАЛИК, ГАЛИНА, ГАЛЯ;
Галюха, Галюша: ГАЛАКТИОН, ГАЛИНА, ГАЛЯ;
Галя: ГАЛА, ГАЛАКТИОН, ГАЛИК, ГАЛИНА, ГАЛЛА;
Гама: ГАМАЛИИЛ;
Гана: ГАЛИНА, ГАЯНИЯ;
Гануля: ГАЯНИЯ;
Гануся: АГАФЬЯ, ГАЯНИЯ;
Ганюля: ГАЯНИЯ;
Ганюся: АГАФЬЯ, ГАВРИИЛ, ГАЯНИЯ;
Ганюха: ГАВРИИЛ;
Ганюша: АГАФЬЯ, ГАВРИИЛ, ФИЛОГОНИЙ;
Ганя: АГАП, АГАПИЯ, АГАФЬЯ, АГНЕССА, ГАВРИИЛ, ГАЛИНА, ГАЯНИЯ, ФИЛОГОНИЙ;
Гапа: АГАП, АГАПА, АГАПИТ, АГАПИЯ, АГАФОН, АГАФЬЯ, АГРИППИНА;
Гапоша: АГАФОН;
Гарася: ГЕРАСИМ;
Гаря: ГЕНРИХ, ГЕОРГИЙ, ДАГАР;
Гася: АГАПИЯ, АГАФЬЯ, ГАЛИНА, ПИГАСИЙ;
Гата: АГАТА;
Гафа: АГАФА, ГААФА;
Гаша: АГАП, АГАПИТ, АГАФЬЯ, АГРИППИНА, ГАВРИИЛ, ГАЛАКТИОН, ГАМАЛИИЛ;
Гая: ГАЙ, ГАЯН, ГАЯНИЯ;
Гаяна: ГАЯНИЯ;
Гвидонка: ГВИДОН;
Гедя: ГЕДЕОН;
Гейка: ГЕЯ;
Гека: ГЕКТОР;
Гела: АНГЕЛ, АНГЕЛА, АНГЕЛИН, АНГЕЛИНА, ГЕЛАСИЙ, ГЕЛАСИЯ, ГЕЛИАНА, ГЕЛИЙ, ГЕЛИЯ;
Гелианка: ГЕЛИАНА;
Гелина, Гелюся: АНГЕЛИНА;
Геля: АНГЕЛ, АНГЕЛА, АНГЕЛИН, АНГЕЛИНА, АНГЕЛЯР, ГЕЛИАНА, ГЕЛИЙ, ГЕЛИЯ, ЕВАНГЕЛ, ЕВАНГЕЛИНА;
Гема: ГЕМЕЛЛ, ГЕМЕЛЛА, ГЕМИН, ГЕМИНА, ГЕРМАН, ГЕРМАНА;
Гемуля: ГЕРМАН;
Гена: АРГЕНТЕЯ, АРГЕНТИНА, АФИНОГЕН, ГЕНИЙ, ГЕНИЯ, ГЕННАДИЙ, ГЕННАДИЯ, ГЕНОВЕФА, ГЕНРИЕТТА, ГЕНРИХ, ГЕРМОГЕН, ДИОГЕН, ЕВГЕНИЙ, ЕРМОГЕН, ФЕАГЕН;
Генаша: ГЕННАДИЙ;
Генефа: ГЕНОВЕФА;
Геннаша: ГЕННАДИЙ;
Генра, Генриетка, Генря: ГЕНРИЕТТА;
Генуля: АРГЕНТИНА, ГЕННАДИЙ, ГЕННАДИЯ;
Генуся: ГЕННАДИЙ, ГЕННАДИЯ;
Генуха: ГЕННАДИЙ;
Генуша, Генюля, Генюся: ГЕННАДИЙ, ГЕННАДИЯ;
Генюха: ГЕННАДИЙ;
Генюша: ГЕННАДИЙ, ГЕННАДИЯ;
Геня: ГЕНИЙ, ГЕНИЯ, ГЕННАДИЙ, ГЕННАДИЯ, ГЕНОВЕФА, ГЕНРИЕТТА, ГЕНРИХ, ГЕРМОГЕН, ЕВГЕНИЙ, ЕВГЕНИЯ, ПРОТОГЕН;
Георгинка: ГЕОРГИНА;
Гера: ГЕКТОР, ГЕНРИЕТТА, ГЕНРИХ, ГЕОРГИЙ, ГЕОРГИНА, ГЕРАКЛ, ГЕРАКЛИД, ГЕРАСИМ, ГЕРВАСИЙ, ГЕРМАН, ГЕРМАНА, ГЕРМАНИК, ГЕРМЕС, ГЕРМИНИЙ, ГЕРМОГЕН, ГЕРМОКРАТ, ГЕРОН, ГЕРОНТИЙ, ГЕРТРУДА, НИГЕР;
Гераня, Герася: ГЕРАСИМ;
Гервася: ГЕРВАСИЙ;
Герка: ГЕРА;
Герма: ГЕРМАН, ГЕРМАНА, ГЕРМЕС, ГЕРМИНИЙ, ГЕРМОГЕН;
Гермогенка: ГЕРМОГЕН;
Гермуся: ГЕРМАН, ГЕРМАНА;
Геронтя: ГЕРОНТИЙ;
Герта: ГЕРТРУДА;
Геруня, Геруся, Геруха, Геруша: ГЕРМАН;
Геря: ГЕОРГИЙ;
Гета, Гетуня, Гетуся: ГЕНРИЕТТА, ГЕРТРУДА;
Геша: ГЕДЕОН, ГЕННАДИЙ, ГЕОРГИЙ, ГЕРАСИМ, ГЕРМАН, ГЕРМАНА, ЕВГЕНИЙ;
Гея: ГЕННАДИЙ, ГЕННАДИЯ;
Гига: ГИГАНТИЙ;
Гиларка, Гиля: ГИЛАР, ГИЛАРИЙ;
Гина: ВИРГИНИЯ, ГЕОРГИНА, ЛОНГИНА, ЛОГИН, РЕГИНА, ЭГИНА;
Гиня: ВИРГИНИЯ;
Гланя: ГЛАФИРА, ГЛИКЕРИЯ;
Глафа, Глафирка: ГЛАФИРА;
Глаша: АГЛАИДА, АГЛАЙ, АГЛАЯ, ГЛАФИРА, ГЛИКЕРИЯ;
Глебка: ГЛЕБ;
Глера, Глика, Гликера, Гликеря: ГЛИКЕРИЙ, ГЛИКЕРИЯ;
Глира: ГЛАФИРА, ГЛИКЕРИЯ;
Глитя: ГЛИКЕРИЙ, ГЛИКЕРИЯ;
Глиха: ГЛИКЕРИЯ;
Глока, Глора: ГЛОРИОЗА, ГЛОРИЯ;
Глориозка: ГЛОРИОЗА;
Глоря: ГЛОРИЯ;
Гога: ГЕОРГИЙ, ЕГОР, ИГОРЬ;
Гоня: ГОРГИЙ, ГОРГОНИЙ, ГОРГОНИЯ, ФЛЕГОНТ;
Гора: ГЕОРГИЙ, ГОРАЗД, ГОРГИЙ, ГОРГОНИЙ, ГОРГОНИЯ, ГОРДИАН, ГОРИСЛАВ, ГОРИСЛАВА, ГРИГОРИЙ, ГРИГОРИЯ, ЕГОР, ИГОРЬ, СВЯТОГОР;
Горга: ГОРГИЙ, ГОРГОНИЙ, ГОРГОНИЯ;
Гордейка, Гордюня, Гордюха, Гордюша: ГОРДЕЙ;
Гордя: ГОРДЕЙ, ГОРДИАН;
Гориславка: ГОРИСЛАВ, ГОРИСЛАВА;
Гортензя: ГОРТЕНЗИЯ;
Горя: ГЕОРГИЙ, ГОРГИЙ, ГОРИСЛАВ, ГОРИСЛАВА, ГРИГОРИЙ, ГРИГОРИЯ, ЕГОР, ИГОРЬ;
Гостя: ГОСТОМЫСЛ;
Готя: ИГОРЬ;
Гоша: ГЕОРГИЙ, ЕГОР, ИГОРЬ;
Гошуля: ГЕОРГИЙ;
Гошуня: ГЕОРГИЙ, ЕГОР;
Градиславка, Градюша, Градя: ГРАДИСЛАВ, ГРАДИСЛАВА;
Гранюша: ГЛАФИРА;
Граня: АГРИППИНА, ГЛАФИРА, ГРАНИЙ, ЕВГРАФ;
Грапа: АГРИППИНА;
Графа: ГЛАФИРА, ЕВГРАФ;
Графуня: ЕВГРАФ;
Граша: АГРИППИНА, ГЛАФИРА, ЕВГРАФ;
Грета: ГЕНРИЕТТА, ГЕРТРУДА;
Григора: ГРИГОРИЙ, ГРИГОРИЯ;
Григорьюшка: ГРИГОРИЙ;
Григоря, Грика: ГРИГОРИЙ, ГРИГОРИЯ;
Грина: ПЕРЕГРИН, ПЕРЕГРИНА, ТИГРИЯ;
Гринюка, Гринюха, Гринюша: ГРИГОРИЙ;
Гриня: ГРИГОРИЙ, ГРИГОРИЯ, ПЕРЕГРИН, ПЕРЕГРИНА, ТИГРИЙ;
Грипа: АГРИППА, АГРИППИНА;
Гриха: ГРИГОРИЙ;
Гриша: ГРИГОРИЙ, ТИГРИЙ;
Гришака, Гришаня, Гришата, Гришко, Гришоня, Гришука, Гришуня, Гришута, Гришуха: ГРИГОРИЙ;
Груня, Груняка, Грунятка: АГРИППИНА;
Груша: АГРИППИНА, ТИГРИЯ;
Гуля: АГЛАИДА, АГЛАЯ, АРГЕНТИНА, ГАЛИНА, ГЕОРГИЙ, ИГОРЬ, СЕРГЕЙ;
Гуня: АГРИППИНА, ГЕОРГИЙ, ЕГОР, СЕРГЕЙ;
Гура, Гурейка, Гурьюшка, Гурьянка, Гуря: ГУРИЙ;
Густа, Густя: АВГУСТ, АВГУСТА, АВГУСТИН, АВГУСТИНА;
Гуся: АВГУСТА, АВГУСТИН, АВГУСТИНА, ИГОРЬ, СЕРГЕЙ;
Гутя: АВГУСТ, АВГУСТА, АВГУСТИНА;
Гуша: СЕРГЕЙ;

Дава, Давидка, Давидок, Давыдка, Давыдок: ДАВИД;
Дага: ДАГАР;
Даля: ДАЛМАТ, ДАЛМАТИЙ;
Дана: БОГДАН, БОГДАНА, ВИДАНА, ДАНАКТ, ДАНАЯ, ДАНИИЛ, ДАНИИЛА;
Данайка: ДАНАЯ;
Данёк: ДАН;
Данилка: ДАНИИЛ, ДАНИИЛА;
Даниша, Дануся: ДАНИИЛ;
Данюша: ДОНАТ;
Даня: АРДАЛИОН, БОГДАН, ДАН, ДАНИИЛ, ДАНИИЛА, ДАРИЙ, ДАРЬЯ, ЖДАН, ПРИЛИДИАН;
Дара: ДАРЬЯ, МАРДАРИЙ;
Дарёна, Дарёха, Дарёша, Дарина, Даруня, Дарьюшка, Дарюха, Дарюша: ДАРЬЯ;
Даря: ДАРИЙ, ДАРЬЯ;
Дасья: ДАССИЙ;
Дася: ДАСИЙ, ДАСИЯ, ДАССИЙ;
Дата: ВАРАДАТ, ДАТ;
Даша: АДА, БОГДАНА, ДАРИЙ, ДАРЬЯ, ДАСИЙ, ДАСИЯ;
Дашуля, Дашуня, Дашура, Дашута: ДАРЬЯ, ДАСИЯ;
Дашуха: ДАРЬЯ;
Деборка: ДЕБОРА;
Дейка: ДЕЯ;
Дека: ДЕКАБРИСТ;
Декабринка: ДЕКАБРИНА;
Дельфа, Дельфина: АДЕЛЬФИНА;
Деля: АДЕЛАИДА, АДЕЛЬФИЙ, АДЕЛЬФИНА, ФИЛАДЕЛЬФ;
Дёма: ДЕМЕНТИЙ, ДЕМИД, ДЕМОКРИТ, ДЕМЬЯН;
Дементьюшка, Деменя: ДЕМЕНТИЙ;
Демидка: ДЕМИД;
Демьянка, Демьяша: ДЕМЬЯН;
Дена: ДЕНИС, ДЕНИСИЯ, ДЕННИЦА;
Дениса: ДЕНИСИЯ;
Дениска, Денуся: ДЕНИС;
Деня: ДЕНИС, ДЕНИСИЯ;
Деся: ЕДЕСИЙ;
Деша: ДЕНИС;
Дея: ДЕИНА, ДЕЙ, ИДЕЯ, ФАДДЕЙ;
Дианка: ДИАНА;
Дива: ДИВ;
Дигна: ПРЕПЕДИГНА;
Дидимка, Дидя: ДИДИМ;
Дийка: ДИЯ;
Дика: ВЕНЕДИКТА;
Дима: АВУДИМ, БУДИМИР, ВАДИМ, ВЕНДИМИАН, ВЕНЕДИМ, ВЛАДИМИР, ДЕКАБРИН, ДЕМИД, ДИДИМ, ДИМ, ДИМАС, ДИМИТРИАН, ДМИТРИЙ, ЛАДИМИР, МЕДИМН, НИКОДИМ, РАДИМ, РАДИМИР;
Димаха, Димаша: ДМИТРИЙ, НИКОДИМ;
Димуля: ДМИТРИЙ;
Димуся, Димуха, Димуша: ДМИТРИЙ, НИКОДИМ;
Дина: АКИНДИН, БЛАНДИНА, ДЕИНА, ДЕКАБРИН, ДЕКАБРИНА, ДИАНА, ДОМНИНА, НАДЕЖДА, ПРЕПЕДИГНА;
Динуся: НАДЕЖДА;
Диодора: ДИОДОР;
Диодорка: ДИОДОРА;
Диодотка: ДИОДОТ;
Дионинка: ДИОНИН, ДИОНИНА;
Дионка: ДИОН;
Диса: АНЕМПОДИСТ, ИНДИС;
Дисанка: ДИСАН;
Дися: АФРОДИСИЙ;
Дита: ЭДИКТ;
Дифа, Диша: ЮДИФЬ;
Дия: ДИАДОХ, ДИАНА, ДИОДОРА, ДИОКЛЕТИАН, ДИОН, КОНКОРДИЯ;
Доба: ДОБРОСЛАВ, ДОБРОСЛАВА;
Добра: ДОБРОСЛАВА, ДОБРЫНЯ;
Доброславка: ДОБРОСЛАВА;
Додя: ДАВИД, ДОДОН;
Доза: ФЕДОЗА;
Дока: САДОК, ЯЗДУНДОКТА;
Докся: ЕВДОКСИЙ, ЕВДОКСИЯ;
Доля: АДОЛИЙ, АДОЛИЯ, АРДАЛИОН;
Дома: ДОМИНИК, ДОМН, ДОМНА, ДОМНИКА, ДОМНИН, ДОМНИНА;
Домаха, Домаша: ДОМНА;
Домна: ДОМНИКА, ДОМНИНА;
Дона: ГВИДОН, ДОМНА, ДОНАТ, ДОНАТА, ЕВДОКИЯ;
Донарка: ДОНАРА;
Донатка: ДОНАТ, ДОНАТА;
Доня: АВДОН, ДОМНА, ДОНАТ, ДОНАТА, ЕВДОКИЯ, МАРДОНИЙ;
Доняха: ЕВДОКИЯ;
Доняша: ДОМНА, ДОНАТ, ДОНАТА, ЕВДОКИЯ;
Дора: АФИНОДОР, ДЕБОРА, ДИОДОР, ДИОДОРА, ДОНАРА, ДОРИМЕДОНТ, ДОРОФЕЙ, ДОРОФЕЯ, ИАДОР, ИСИДОРА, ЛИОДОР, МИНОДОРА, МИТРОДОР, МИТРОДОРА, НИМФОДОРА, ОЛИМПИОДОРА, ПОЛИОДОР, ТЕОДОР, ФЕОДОРА, ФЕОДОРИТ;
Доримедонтка: ДОРИМЕДОНТ;
Дороня: ДОРОФЕЙ;
Доросея: ДРОСИДА;
Дорофейка: ДОРОФЕЙ, ДОРОФЕЯ;
Дороха, Дороша: ДОРОФЕЙ;
Доря: ДОРИМЕДОНТ, ДОРОФЕЙ, ДОРОФЕЯ;
Досифейка: ДОСИФЕЯ;
Дося: ДОСА, ДОСИФЕЯ, ЕВДОКИЯ, ЕВДОКСИЙ, ЕВДОКСИЯ, РАДОСТЬ, ФЕОДОСИЙ, ФЕОДОСИЯ, ФЕОДОХ;
Дота: АСКЛИПИОДОТ, АСКЛИПИОДОТА, ДИОДОТ, ФЕОДОТА;
Дотя: АСКЛИПИОДОТ, АСКЛИПИОДОТА, РАДОСТЬ, ФЕДОТ, ФЕОДОТА, ФЕОДОТИЯ;
Дофа: САДОФ;
Доша: ЕВДОКИЯ;
Дрона: АНДРОНА;
Дроня: АНДРОНА, АНДРОНИК;
Дрося: ДРОСИДА;
Дука: ДУКЛИДА;
Дула: ФЕОДУЛ, ФЕОДУЛА, ФЕОДУЛИЯ;
Дуля: ФЕОДУЛ;
Дуня: ЕВДОКИЯ, ЯЗДУНДОКТА;
Дуняра, Дунятка, Дуняха Дуняша: ЕВДОКИЯ;
Дуся: АИДА, ДАНИИЛ, ДЕНИС, ЕВДОКИЯ, ИДА, ФЁДОР;
Душа: ГОЛИНДУХА, ЕВДОКИЯ;
Дюк: ДУКА;
Дюня, Дюся: ФЁДОР;

Ева: ЕВАНГЕЛИНА, ЕВГЕНИЯ, ЕВДОКСИЯ, ЕВНИКА, ЕВНИКИЯ, ЕВСЕВИЯ, ЕВСТИГНЕЙ, ЕВТРОПИЙ, ЕВТРОПИЯ, ЕВФАЛИЯ;
Евангелинка: ЕВАНГЕЛИНА;
Еварестка: ЕВАРЕСТ;
Евгена: ЕВГЕНИЙ;
Евгеньюшка, Евгеня: ЕВГЕНИЙ, ЕВГЕНИЯ;
Евгеха: ЕВГЕНИЙ;
Евгеша: ЕВГЕНИЙ, ЕВГЕНИЯ;
Евграфка, Евграша: ЕВГРАФ;
Евдокимка: ЕВДОКИМ;
Евдокиюшка: ЕВДОКИЯ;
Евдокся: ЕВДОКСИЯ;
Евдокуша: ЕВДОКИМ;
Евдоня, Евдося: ЕВДОКИЯ;
Евдоха: ЕВДОКИМ, ЕВДОКИЯ;
Евдоша, Евдуня, Евдуша: ЕВДОКИЯ;
Евдя: ЕВДОКИМ, ЕВДОКИЯ, ЕВДОКСИЯ;
Евеля: ЕВЕЛПИСТ;
Евка: ЕВА;
Евлаля: ЕВЛАЛИЯ;
Евлампиюшка: ЕВЛАМПИЙ, ЕВЛАМПИЯ;
Евлана, Евланя: ЕВЛАМПИЙ, ЕВЛАМПИЯ;
Евлася: ЕВЛАСИЙ;
Евлаха: ЕВЛАМПИЙ, ЕВЛАМПИЯ, ЕВЛАСИЙ;
Евлаша: ЕВЛАЛИЙ, ЕВЛАЛИЯ, ЕВЛАМПИЙ, ЕВЛАМПИЯ, ЕВЛАСИЙ;
Евлоша: ЕВЛОГИЙ;
Евмена: ЕВМЕНИЯ;
Евменка: ЕВМЕНИЙ;
Евментьюшка: ЕВМЕНИЙ;
Евменя: ЕВМЕНИЙ, ЕВМЕНИЯ;
Евника: ЕВНИКИЯ;
Евпраксиюшка, Евпракся: ЕВПРАКСИЯ;
Евсейка: ЕВСЕВИЙ;
Евсигнейка: ЕВСТИГНЕЙ;
Евстафа, Евстафейка: ЕВСТАФИЙ;
Евстаха: ЕВСТАХИЙ;
Евсташа: ЕВСТАФИЙ, ЕВСТАХИЙ;
Евстигнейка: ЕВСТИГНЕЙ;
Евстолька: ЕВСТОЛИЯ;
Евстратка: ЕВСТРАТ;
Евстюня, Евстюха, Евстюша, Евстя: ЕВСТАФИЙ, ЕВСТИГНЕЙ;
Евсюта: ЕВСЕВИЙ;
Евся: ЕВСЕВИЙ, ЕВСЕВИЯ, ЕВСТИГНЕЙ;
Евтейка: ЕВТЕЙ;
Евтифейка, Евтиха, Евтиша: ЕВТИХИЙ;
Евтропка: ЕВТРОПИЙ, ЕВТРОПИЯ;
Евтюша: ЕВТИХИЙ;
Евтя: ЕВТЕЙ, ЕВТИХИЙ, ЕВТИХИЯ;
Егоня, Егорка, Егоша, Егуня: ГЕОРГИЙ, ЕГОР;
Екатеринка: ЕКАТЕРИНА;
Ела: АНГЕЛИНА, ГЕЛАСИЯ, ЕВЛАМПИЯ, ЕЛЕНА;
Ёла: ЭЛЬВИРА;
Еленка, Еленя: ЕЛЕНА;
Елеся: ЕЛИСЕЙ;
Елеферя: ЕЛЕФЕРИЙ;
Елизаветка: ЕЛИЗАВЕТА;
Елизарка: ЕЛИЗАР;
Елисейка: ЕЛИСЕЙ;
Елпидифорка, Елпиша: ЕЛПИДИФОР;
Елюся, Елюша: ЕЛЕНА;
Еля: АВРЕЛИЯ, АНГЕЛИНА, ГЕЛАСИЯ, ГЕЛИАНА, ГЕЛИЙ, ГЕЛИЯ, ЕВЛАМПИЯ, ЕЛЕНА, ЕЛЕФЕРИЙ, ЕЛИКОНИДА, ЕЛИСЕЙ, ПЕЛЕЙ, ПЕЛИЙ, ФЕЛИКС, ФЕЛИКСА, ЦЕЛЕСТИН, ЦЕЛЕСТИНА;
Ема: ЕМИЛИАНА, ЕРЕМЕЙ;
Емельянка, Емельяша: ЕМЕЛЬЯН;
Емеля: ЕМЕЛЬЯН, ФЕМЕЛИЙ;
Емиля: ЕМИЛИАНА;
Ена: ЕВГЕНИЙ, ЕВГЕНИЯ, ПОЛИЕН;
Енюта, Енюха, Енюша: ЕВГЕНИЙ, ЕВГЕНИЯ;
Еня: ЕВГЕНИЙ, ЕВГЕНИЯ, ПОЛИЕН;
Еняха, Еняша: ЕВГЕНИЙ, ЕВГЕНИЯ;
Епистимка: ЕПИСТИМА;
Епифанка: ЕПИФАН, ЕПИФАНА;
Епифаня, Епифаша, Епиха, Епиша: ЕПИФАН;
Ера: ЕРОФЕЙ, ЭРАСТ;
Ерастка, Ераха: ЭРАСТ;
Ерёма, Еремейка: ЕРЕМЕЙ;
Ерма: ЕРМ, ЕРМАК, ЕРМИЙ, ЕРМИОНИЯ, ЕРМОЛАЙ;
Ермаша: ЕРМ, ЕРМАК, ЕРМИЙ;
Ермилка: ЕРМИЛ;
Ермина: ЕРМИОНИЯ;
Ермиха: ЕРМИНИНГЕЛЬД;
Ермиша: ЕРМИЛ, ЕРМИНИНГЕЛЬД;
Ермола, Ермолайка: ЕРМОЛАЙ;
Ермоха, Ермоша: ЕРМОГЕН, ЕРМОЛАЙ;
Ерон, Ерона: ИЕРОНИМ;
Ероня: ГЕРОНТИЙ, ЕРОФЕЙ, ИЕРОН, ИЕРОНИМ;
Ерофейка: ЕРОФЕЙ;
Ероха, Ероша: ГЕРОНТИЙ, ЕРОФЕЙ, ИЕРОН;
Еря: ЕЛЕФЕРИЙ, ЕРЕМЕЙ, ЕРМ, ЕРМАК, ЕРМЕЙ, ЕРМИЙ;
Еса: ХАРИЕССА;
Еся: ЕВСЕВИЙ, ЕВСТАФИЙ;
Ета: ГЕНРИЕТТА;
Ефа: ЕФИМИЯ;
Ефаня: ЕПИФАН;
Еферя: ЕФЕРИЙ;
Ефима: ЕФИМИЯ;
Ефимка: ЕФИМ;
Ефрася, Ефраша: ЕФРАСИЙ;
Ефремка: ЕФРЕМ;
Ефросиньюшка: ЕФРОСИНИЯ;

Жанка, Жануся: ЖАННА;
Жела, Желика, Желя: АНЖЕЛИКА;
Женюра, Женюша: ЕВГЕНИЙ, ЕВГЕНИЯ;
Женя: БОЖЕНА, ЕВГЕНИЙ, ЕВГЕНИЯ;
Жеша: ЕВГЕНИЙ;
Жора: ГЕОРГИЙ, ЕГОР;

Зала: АЗАЛИЯ;
Заля: АЗАЛИЯ, РОЗАЛИЯ;
Зара: АЗАРИЙ, ВЕЛИЗАРИЙ, ЕЛИЗАР, ЗАРЕМА, ЗАРЕМБА, ЛУЧЕЗАР, НАЗАР, СВЕТОЗАРА;
Зарема, Зарембочка: ЗАРЕМБА;
Заремка: ЗАРЕМА;
Зарка: ЗАРА;
Зарька: ЗАРЯ;
Заря: АЗАРИЙ, ЕЛИЗАР, ЛАЗАРЬ, ЛУЧЕЗАР, НАЗАР, СВЕТОЗАР, ЦЕЗАРЬ;
Захарка: ЗАХАР;
Зая: ЗОЯ;
Звёздочка: ЗВЕЗДА;
Зела, Зелла: АЗЕЛЛА;
Зема, Земфирка: ЗЕМФИРА;
Зена, Зеня: ЗЕНОН, ЗЕНОНА, ЗИНОВИЙ;
Зида: ИЗИДА;
Зима: ЗЕМФИРА;
Зина: ЗИНАИДА, ЗИНОВИЙ, ЗИНОВИЯ;
Зинаидка: ЗИНАИДА;
Зинаха, Зинаша: ЗИНА, ЗИНАИДА, ЗИНОВИЙ, ЗИНОВИЯ;
Зинка: ЗИНА;
Зинуля: ЗИНА, ЗИНАИДА, ЗИНОВИЙ, ЗИНОВИЯ;
Зинура: ЗИНАИДА;
Зинуся, Зинуха, Зинуша, Зиня: ЗИНА, ЗИНАИДА, ЗИНОВИЙ, ЗИНОВИЯ;
Зира: ЗЕМФИРА;
Зиша: ЗИНАИДА;
Златка: ЗЛАТА;
Зойка: ЗОЯ;
Зола, Зольда, Золя: ИЗОЛЬДА;
Зоня: ЗОСИМА, ИЗОТ, СОЗОН, СОЗОНТ;
Зора: НАЗАР;
Зоря: ЗАРЯ, ЗОРИНА, НАЗАР, СВЕТОЗАР, СВЕТОЗАРА;
Зосимка: ЗОСИМА;
Зося: ЗОСИМА, ЗОЯ;
Зотка, Зотя: ИЗОТ;
Зоха, Зоша, Зоюня, Зоюха, Зоюша: ЗОЯ;
Зума: РАЗУМНИК;
Зуря: ЛАЗАРЬ;

Ива: ИВ, ИВАН, ИВАННА, ИОВ, ФИВА, ФИВЕЯ;
Иванка: ИВАН, ИВАННА;
Иванюха, Иванюша, Иваня, Ивасик, Ивася, Иваха, Иваша: ИВАН;
Ивка: ИВА;
Иволя: ИОИЛЬ;
Игнатка, Игнаха, Игнаша, Игоня: ИГНАТИЙ;
Игораша: Игорёк: Игорка, Игорька, Игорюха, Игорюша, Игоряша: ИГОРЬ;
Игоша: ИГНАТИЙ, ИГОРЬ;
Игуля, Игуся: ИГОРЬ;
Ида: АДЕЛАИДА, АИДА, АРТЕМИДА, ЕЛИКОНИДА, ЗИНАИДА, ИДЕЯ, ИРАИДА, ЛЕОНИДА, ПЛАКИЛЛА, СОЛОМОНИДА, ФЛОРИДА, ФОМАИДА;
Идейка: ИДЕЯ;
Идка: ИДА;
Идуня: ИДЕЯ;
Идуся: АИДА, ИДА, ИДЕЯ;
Иза: ИЗАБЕЛЛА, ИЗИДА, ИЗОЛЬДА;
Изабелка: ИЗАБЕЛЛА;
Изидка: ИЗИДА;
Измаилка: ИЗМАИЛ;
Изольдка: ИЗОЛЬДА;
Изоля: ЗОСИМА;
Изоня: ЗОСИМА, ИЗОТ;
Изосимка, Изося: ЗОСИМА;
Изотка: ИЗОТ;
Изуля: ИЗИДА;
Изя: ЗОСИМА, ИЗОЛЬДА, ИЗРАИЛЬ;
Изяславка: ИЗЯСЛАВ;
Ийка: ИЯ;
Ика: ИСКРА, МОИКА;
Ила: ИЛАРИОН, ИЛАРИЯ, ЭММАНУИЛ;
Иларионка: ИЛАРИОН;
Иларка: ИЛАРИЙ;
Иларька: ИЛАРИЙ, ИЛАРИЯ;
Илаха, Илаша: ИЛАРИЙ;
Илиодорка: ЛИОДОР;
Илла: ПРИСКИЛЛА;
Ильинка, Ильиша: ИЛЬИНА;
Ильюха, Ильюша, Илюня, Илюся, Илюха: ИЛЬЯ;
Илюша: ИЛИАН, ИЛИЯ, ИЛЬЯ;
Иля: ГИЛАР, ГИЛАРИЙ, ИЛИАН, ИЛИЙ, ИЛИЯ, ИЛЬИНА, ИЛЬЯ, ИОИЛЬ, ЛИОДОР, ПЛАКИЛЛА, ПРИСКИЛЛА, РАФАИЛ, РАФАИЛА, РАХИЛЬ, РОМИЛ, СИЛЬВИЙ, СИЛЬВИЯ, УРИИЛ;
Иляха: ИЛЬЯ;
Има: АВИМ, СЕРАФИМ, СЕРАФИМА, ЭММАНУИЛ;
Ина: АГРИППИНА, АЛЕКСИНА, АНТОНИНА, ВИРГИНИЯ, ГЕОРГИНА, ДЕИНА, ДЕКАБРИНА, ДИНА, ДИОНИНА, ЗИНАИДА, ЗОРИНА, ИНАР, ИНГА, ИНЕССА, ИННА, ИННОКЕНТИЙ, ИРИНА, КАРИНА, ЛЕНИНА, ЛЮЦИНА, МАИНА, МАРИНА, МАРТИНА, НОЯБРИНА, ОКТЯБРИНА, ПЕРЕГРИНА, ПИННА, САБИНА, СЕЛИНА, ФАВСТИНА, ФАИНА, ЦЕЛЕСТИНА, ЭГИНА, ЭЛЛИНА;
Инарка: ИНАР;
Ингуша: ИНГА;
Индиска: ИНДИС;
Инеска: ИНЕССА;
Инна: ПИННА;
Иннокентьюшка: ИННОКЕНТИЙ;
Иннушка: ИННА;
Инуля: ГЕОРГИНА, ИНЕССА, ИННА, ИРИНА;
Инура: ИНЕССА;
Инуся: ГЕОРГИНА, ИНАР, ИНГА, ИНЕССА, ИННА;
Инуша: ГЕОРГИНА;
Инюта: ИННА;
Инюша, Иня: ИННА, ИННОКЕНТИЙ;
Иовилка: ИОВИЛЛА;
Иола: ИОЛАНТА;
Иолка: ИОЛА;
Ионка, Ионя: ИОНА;
Иосафка: ИОСАФ;
Иося: ИОСИФ;
Иоша: ИОВ;
Ипатка: ИПАТИЙ;
Ипполитка: ИППОЛИТ;
Ира: ИГОРЬ, ИНАР, ИРАИДА, ИРАКЛИЙ, ИРИНА, ИРИНЕЙ, ИРМА, ИСКРА, ФОСТИРИЙ;
Ираидка: ИРАИДА;
Иракля: ИРАКЛИЙ;
Ирена, Иринка, Ириша: ИРИНА;
Ирма: ЕРМИОНИЯ;
Ирмуся, Ирмушка: ИРМА;
Ируня, Ируся: ИРАИДА, ИРИНА, ИРМА;
Ируша: ИРИНА;
Ирха, Ирхуша: ИРИНАРХ;
Ирюха, Ирюша: ИРИНЕЙ;
Иса: ИСКРА, РАИСА, ХАРИСА;
Исайка: ИСАИЯ;
Исейка: ИЕССЕЙ;
Исидорка: ИСИДОРА;
Искорка: ИСКРА;
Истиславка: ИСТИСЛАВ;
Ися: ИСИДОРА;
Иудка: ИУДА;
Иша, Ишута: ИВАН;
Июня, Июся, Июта, Июша: ИЯ;
Ия: ДИЯ;

Кадя: АРКАДИЙ, АРКАДИЯ, ЛЕОКАДИЯ;
Казимирка: КАЗИМИР, КАЗИМИРА;
Казя: КАЗДОЯ, КАЗИМИР, КАЗИМИРА;
Калидка: КАЛИДА;
Калинка: КАЛЛИНИК, КАЛЛИНИКИЯ;
Калиска: КАЛИСА;
Калистка: КАЛЛИСТА;
Калистратка: КАЛЛИСТРАТ;
Калисфена: КАЛЛИСФЕНИЯ;
Каллиопка: КАЛЛИОПИЙ;
Каллистка: КАЛЛИСТ, КАЛЛИСТА;
Каллистратка: КАЛЛИСТРАТ;
Каллисфена: КАЛЛИСФЕНИЯ;
Калюша: КАЛЕРИЯ;
Каля: КАЛЕРИЯ, КАЛИДА, КАЛИСА, КАЛЛИНИК, КАЛЛИНИКИЯ, КАЛЛИОПИЙ, КАЛЛИСТ, КАЛЛИСТА, КАЛЛИСТРАТ, КАЛЛИСФЕНИЯ, КАМИЛЛ, КАМИЛЛА, КАРОЛИНА;
Кама: КАМИЛЛА;
Камилка: КАМИЛЛ, КАМИЛЛА;
Камилька: КАМИЛЛ, КАМИЛЛА;
Кана: АРКАДИЙ, АРКАДИЯ, АФРИКАН, КАЛЛИНИК, КАНДИД, КАНТИДИАН, КАПИТОЛИНА, НИКАНДР, НИКАНОР;
Канаша: НИКАНОР;
Кандидка: КАНДИД;
Каня: АРКАДИЙ, АРКАДИЯ, ЕЛИКОНИДА, КАНДИД, НИКАНДР, НИКАНОР;
Капа: КАПИК, КАПИТОЛИНА, КАПИТОН;
Капитолинка: КАПИТОЛИНА;
Капитонка, Капитоха, Капитоша: КАПИТОН;
Капуля, Капуша: КАПИТОЛИНА;
Кара, Каринка: КАРИНА;
Карионка: КАРИОН;
Карлуня, Карлуша, Карлушка: КАРЛ;
Каролинка, Кароля: КАРОЛИНА;
Карпа: ЕВКАРПИЙ;
Карпуня, Карпуха: КАРП;
Карпуша: ЕВКАРПИЙ, КАРП;
Карпушка: КАРП;
Картюха, Картюша, Картя: КАРТЕРИЙ;
Каря: КАРИОН;
Кастя: КАСТОР, КАСТРИХИЙ;
Касьянка: КАСЬЯН;
Кася: КАСИНИЯ, КАСТОР, КАСТРИХИЙ, КАСЬЯН;
Ката: РЕВОКАТ;
Катёна, Катеринка: ЕКАТЕРИНА;
Катуня: ЕКАТЕРИНА, КАТУН;
Катуша: КАТУН;
Катюля, Катюня, Катюра, Катюся, Катюха, Катюша, Катя, Катяха, Катяша: ЕКАТЕРИНА;
Келестинка: КЕЛЕСТИНА;
Келя: КЕЛЬСИЙ;
Кена: АКИНДИН, ВИКЕНТИЙ, ВИКЕНТИЯ, ИННОКЕНТИЙ, КЕНСОРИН;
Кеня: ВИКЕНТИЙ, ВИКЕНТИЯ, ИННОКЕНТИЙ, НИКИТА;
Кера: ГЛИКЕРИЙ, ГЛИКЕРИЯ;
Керкирка: КЕРКИРА;
Керя: ГЛИКЕРИЙ, ГЛИКЕРИЯ;
Кеха: ИННОКЕНТИЙ;
Кеша: АКИНДИН, ВИКЕНТИЙ, ВИКЕНТИЯ, ДЕКАБРИСТ, ИННОКЕНТИЙ, КЕСАРИЙ, КЕСАРЬ, НИКИТА, ПРОКЕСС;
Кея: МАРКЕЙ;
Кика: КИКИЛИЯ;
Килина: АКИЛИНА;
Киля: АКИЛИНА, КИКИЛИЯ;
Кима: ЕВДОКИМ, ИАКИМ, КИМ;
Кимка: КИМА;
Кина: АКИНДИН;
Киндя: КИНДЕЙ;
Киня: АКИНДИН, ИАКИНФ, КИНДЕЙ;
Кира: АВВАКИР, КЕРКИРА, КИР, КИРИАКИЯ, КИРИАН, КИРИАНА, КИРИЕНА, КИРИК, КИРИЛЛ, КИРИЛЛА, ХРИСАНФ;
Кирианка: КИРИАН, КИРИАНА;
Кирилка: КИРИЛЛ, КИРИЛЛА;
Кирка: КИРА;
Кирсанка: ХРИСАНФ;
Кируня: КИРИЛЛ;
Кируся: КИРА, КИРИЛЛ;
Кируха: КИРИЛЛ;
Кируша: КИРА;
Кирьянка: КИРИАН;
Кирьяша: КИРИАК, КИРИАН;
Кирюня, Кирюха: КИРИЛЛ;
Кирюша: КИРИЛЛ;
Киря: КИР, КИРИАК, КИРИАН, КИРИК, КИРИЛЛ, КИРИЛЛА;
Киряха, Киряша: КИРИЛЛ;
Киса: НАРКИСС, НАРКИССА;
Кита: АНИКИТА, НИКИТА;
Кифка: КИФА;
Кия: КИЙ, КИРИАКИЯ;
Клава: КЛАВДИАН, КЛАВДИЙ, КЛАВДИЯ;
Клавдиюшка, Клавдюня: КЛАВДИЙ, КЛАВДИЯ;
Клавдюха, Клавдюша, Клавдя: КЛАВДИАН, КЛАВДИЙ, КЛАВДИЯ;
Клавуня, Кладя: КЛАВДИЯ;
Кланя: КЛАВДИЙ, КЛАВДИЯ;
Клара: КЛАРИСА;
Кларка, Кларуся: КЛАРА;
Кларуха: КЛАРА, КЛАРИСА;
Кларуша: КЛАРА;
Клася, Клаха, Клаша: КЛАВДИЙ, КЛАВДИЯ;
Клема: КЛЕМЕНТИНА;
Клёна: КЛЕОПАТРА;
Клёня: КЛЕОНИК;
Клеопатрочка, Клёпа, Клера: КЛЕОПАТРА;
Клетя: ДИОКЛЕТИАН;
Климаша, Климка, Климуха: КЛИМ, КЛИМЕНТ;
Климуша: КЛИМ;
Клитя: СИНКЛИТИКИЯ;
Кнора, Кода: КОНКОРДИЙ, КОНКОРДИЯ;
Кодя, Кодяша: НИКОДИМ;
Кока: КОНКОРДИЙ, КОНКОРДИЯ, КОНСТАНТИН, НИКОЛАЙ;
Колюня, Колюся, Колюха, Колюша: НИКОЛАЙ;
Коля: НИКОЛА, НИКОЛАЙ;
Коляня, Коляха, Коляша: НИКОЛАЙ;
Кона: КОНКОРДИЙ, КОНКОРДИЯ, КОНОН;
Кондратка, Кондратьюшка, Кондраха, Кондраша: КОНДРАТИЙ;
Кононка: КОНОН;
Константинка: КОНСТАНТИН;
Коня: ЕЛИКОНИДА, КОНДРАТИЙ, КОНОН;
Коняша: КОНОН;
Кора: КОНКОРДИЙ, КОНКОРДИЯ, КОРНЕЛИЙ, КОРНЕЛИЯ;
Корнейка: КОРНИЛИЙ;
Корнеля: КОРНЕЛИЙ, КОРНЕЛИЯ;
Корнилка, Корнюха, Корнюша: КОРНИЛИЙ;
Коронатка: КОРОНАТ;
Коста, Костюня, Костюра, Костюха, Костюша: КОНСТАНТИН;
Костя: КОНСТАНТИН, КОНСТАНЦИЯ;
Костяня, Костяха, Костяша, Кося, Коташа: КОНСТАНТИН;
Котя: КОНКОРДИЯ, КОНСТАНТИН, КОНСТАНЦИЯ;
Краса: КРАСНОМИРА, КРАСНОСЛАВ;
Красармочка: КРАСАРМА;
Краснославка: КРАСНОСЛАВ;
Кратя: НАВКРАТИЙ, ПАНКРАТ, ПАСИКРАТ, СОКРАТ;
Крестя: ХРИСТИНА;
Крискентинка: КРИСКЕНТИЯ;
Кристинка, Кристя: ХРИСТИНА;
Кроня: КРОНИД;
Ксана: ОКСАНА, РОКСАНА;
Ксёна: АВКСЕНТИЙ;
Ксена: АВКСЕНТИЙ, КСЕНИЯ, КСЕНОФОНТ;
Ксенофонтушка: КСЕНОФОНТ;
Ксенюша: КСЕНИЯ;
Ксеня: АВКСЕНТИЙ, КСЕНИЯ, КСЕНОФОНТ, ПОЛИКСЕНИЯ;
Ксеша: КСЕНИЯ, ПОЛИКСЕНИЯ;
Ксюня, Ксюра: КСЕНИЯ;
Ксюта: АВКСЕНТИЙ, КСЕНИЯ;
Ксюша: АВКСЕНТИЙ, КСЕНИЯ, ПОЛИКСЕНИЯ;
Кузёна, Кузюта, Кузя, Кузяха, Кузяша: КУЗЬМА;
Кулина: АКИЛИНА;
Куля: АКИЛИНА, ВУКОЛ;
Куня: ПРАСКОВЬЯ;
Купавка: КУПАВА;
Куприянка, Куприяша, Купря: КИПРИАН;

Лавра, Лаврентьюшка, Лавреня: ЛАВРЕНТИЙ;
Лавруня, Лавруся: ЛАВР, ЛАВРЕНТИЙ;
Лавруха: ЛАВРЕНТИЙ;
Лавруша: ЛАВР, ЛАВРЕНТИЙ;
Лаврушка: ЛАВР, ЛАВРА;
Лаврюня, Лаврюся: ЛАВР, ЛАВРЕНТИЙ;
Лаврюха: ЛАВРЕНТИЙ;
Лаврюша: ЛАВР, ЛАВРЕНТИЙ;
Лавря: ЛАВР, ЛАВРА, ЛАВРЕНТИЙ;
Лада: ВИРИЛАД, ВЛАДА, ВЛАДИЛЕНА, ВЛАДИМИР, ВЛАДЛЕНА, ЛАОДИКИЙ, ПАЛЛАДА, ПАЛЛАДИЙ, ПАЛЛАДИЯ, ЭЛЛАДА, ЭЛЛАДИЙ;
Ладиня: ЛАОДИКИЙ;
Ладонька: ЛАДА;
Ладуся: ЛАДА, ЛАДИМИР, ЛАДИСЛАВ;
Ладыня: ЛАОДИКИЙ;
Ладя: ВЛАДИЛЕН, ВЛАДИЛЕНА, ВЛАДИМИР, ВЛАДИСЛАВ, ВЛАДИСЛАВА, ВЛАДЛЕН, ВЛАДЛЕНА, ЛАДИМИР, ЛАДИСЛАВ, ЛАОДИКИЙ, ПАЛЛАДА, ПАЛЛАДИЙ, ПАЛЛАДИЯ, ЭЛЛАДИЙ;
Лазарка: ЛАЗАРЬ;
Лазарька, Лазуря, Лазута: ЛАЗАРЬ;
Лазя: ЕЛИЗАР;
Лактя: ГАЛАКТИОН;
Лама: ВАРЛААМ;
Лана: ЕВЛАМПИЙ, ЕВЛАМПИЯ, МЕЛАНИЯ, РУСЛАН, РУСЛАНА, СВЕТЛАН, СВЕТЛАНА, ЭМИЛИАН;
Ланя: ЕВЛАМПИЙ, ЕВЛАМПИЯ, МЕЛАНИЯ;
Лара: ГИЛАР, ИЛАРИЙ, ИЛАРИОН, ИЛАРИЯ, КЛАРА, КЛАРИСА, ЛАВР, ЛАВРА, ЛАРИСА, ЛАУРА;
Ларионка, Лариоха, Лариоша: ИЛАРИОН;
Лариска, Ларуля, Ларуня, Ларуся: ЛАРИСА;
Ларюха: ИЛАРИОН, ФИЛАРЕТА;
Ларюша: ИЛАРИОН, ИЛАРИЯ, ФИЛАРЕТА;
Ларя: ГИЛАРИЙ, ИЛАРИЙ, ИЛАРИОН, ИЛАРИЯ, ЛАРГ, ЛАРГИЙ, ЛАРИСА, ФИЛАРЕТ, ФИЛАРЕТА;
Лата: ЗЛАТА;
Латя: ПОЛАКТИЯ;
Лаурка: ЛАУРА;
Левка: ЛЕВКИЙ;
Левуня, Левуся, Левушка: ЛЕВ;
Лега: ОЛЕГ;
Леда: ЛЕОНИДА;
Ледка: ЛЕДА;
Ледя: ЛЕОНИД;
Лёва: ЛЕВ, ЛЕВКИЙ, ЛЕОНТ, ЛЕОНТИЙ, НАПОЛЕОН, ПРОТОЛЕОН;
Лека: АЛЕКСЕЙ, ВАЛЕРИЯ;
Лёка: АЛЕКСЕЙ, ЛЕВ, ЛЕОКАДИЯ, ЛЕОНИД, ОЛЕГ, ЭЛЕОНОРА;
Лекса: АЛЕКСАНДР, АЛЕКСАНДРА, АЛЕКСЕЙ;
Лёкса: АЛЕКСАНДР, АЛЕКСЕЙ;
Лексана: АЛЕКСАНДРА;
Лексаня, Лексаша: АЛЕКСАНДР, АЛЕКСАНДРА;
Лексейка, Лекся, Лёкся, АЛЕКСЕЙ;
Лела: ЛЕОНИЛЛА;
Лелька: ЛЕЛЬ;
Лёля: АЛЕКСЕЙ, ЕЛЕНА, ЛЕЛЬ, ОЛЬГА, ЭЛЕОНОРА;
Лемирка: ЛЕМИРА;
Лена: ВИЛЕНА, ВИЛЕНИНА, ВЛАДИЛЕНА, ВЛАДЛЕНА, ЕЛЕНА, ЛЕНИНА, ЛЕОНИДА, ЛЕОНИЛЛА, ЛЕОНИЯ, ЛЕОНТИЙ, ЛЕОНТИНА, ЛЕОНТИЯ, МАРЛЕНА, ЭЛЕОНОРА;
Лёна: ЕЛЕНА, ЛЕОНТИЙ, ОЛЬГА, ФЛЁНА;
Ленина: ВИЛЕНИНА;
Ленинка, Ленуля: ЛЕНИНА;
Ленуся: ВЛАДИЛЕНА, ВЛАДЛЕНА, ЕЛЕНА, ЛЕНИНА;
Ленуша: ВИЛЕНА, ЕЛЕНА, ЛЕНИНА;
Ленюся: ЛЕОНИД;
Леня: ВИЛЕН, ВИЛЕНИН, ВЛАДИЛЕН, ВЛАДЛЕН, ЛЕОНИД, ЛЕОНИДА, ЛЕОНТИЙ, ЛЕОНТИЯ;
Лёня: АЛЕКСЕЙ, АРДАЛИОН, ЛЕВ, ЛЕОН, ЛЕОНАРД, ЛЕОНИД, ЛЕОНТ, ЛЕОНТИЙ, ОЛЬГА, ФЛЁНА;
Леонидка: ЛЕОНИД, ЛЕОНИДА;
Леонинка: ЛЕОНИНА;
Леонтинка: ЛЕОНТИНА;
Леонтьюшка: ЛЕОНТИЙ;
Леоня: ЛЕОНИД, ЛЕОНИЯ, ЛЕОНТИЙ, ЛЕОНТИЯ;
Лепа: БОГОЛЕП;
Лера: ВАЛЕРИАН, ВАЛЕРИЙ, ВАЛЕРИЯ, ГЛИКЕРИЯ, КАЛЕРИЯ, КЛЕОПАТРА;
Лёра: ЛЕОНАРД;
Леруня, Леруся, Леруха: ВАЛЕРИАН, ВАЛЕРИЙ, ВАЛЕРИЯ;
Леруша: ВАЛЕРИАН, ВАЛЕРИЙ, ВАЛЕРИЯ, КАЛЕРИЯ;
Леся: ВАЛЕНСИЯ, ЕЛЕНА, ЕЛИСЕЙ, ЛЕОНИД, ЭЛЕОНОРА;
Лёся: ЕЛЕНА, ЛЕВ, ЛЕОНИД;
Летя: МИЛЕТИЙ;
Лефа: АЛЕФ;
Лефера: ЕЛЕФЕРИЙ;
Лёха: АЛЕКСЕЙ, ЛЕОНИД;
Лёша: АЛЕКСЕЙ, ЛЕЛЬ, ЛЕОНИД, ОЛЕГ;
Лея: ОЛИМПИАДА, ФАЛАЛЕЙ;
Лиана: ГЕЛИАНА, ЛИЛИАНА, ЮЛИАНА, ЮЛИАНИЯ;
Лианка: ЛИАНА, МАКСИМИЛИАН;
Лива: ЛИВЕРИЙ, ЛИВИЙ, ЛИВИЯ;
Ливаха: ЛИВЕРИЙ;
Лида: ДУКЛИДА, КАЛИДА, ЛИДИЯ;
Лидианка: ПРИЛИДИАН;
Лидоня, Лидуля, Лидуня, Лидуся, Лидуха: ЛИДИЯ;
Лидуша: КАЛИДА, ЛИДИЯ;
Лидя: ЛИДИЯ;
Лиза: ЕЛИЗАВЕТА, ЛУИЗА;
Лизаветка: ЕЛИЗАВЕТА;
Лизара: ЕЛИЗАР;
Лизуня, Лизура, Лизута, Лизуха, Лизуша: ЕЛИЗАВЕТА;
Лийка: ЛИЯ;
Лика: АНЖЕЛИКА, ГЛИКЕРИЙ, ГЛИКЕРИЯ, ЕЛИКОНИДА, ЛЕОКАДИЯ, ЛИДИЯ, ПОЛИКАРП, СИЛЬВИЯ, ФЕЛИЦИЯ;
Ликаша: ГЛИКЕРИЙ, ГЛИКЕРИЯ, ПОЛИКАРП;
Ликонидка, Ликоня: ЕЛИКОНИДА;
Лила: ЛЕОНИЛЛА, ЛИЛИЯ;
Лилианка: ЛИЛИАНА;
Лилюня, Лилюся, Лилюха, Лилюша: ЛИЛИЯ;
Лиля: ЕЛИЗАВЕТА, ЛИДИЯ, ЛИЛИАНА, ЛИЛИЯ, ЛИЯ, ОЛИМПИАДА, РАХИЛЬ;
Лима: АЛИМ, ЛИМНЕЙ, ОЛИМПИАД, ОЛИМПИАДА, ОЛИМПИЙ, ОЛИМПИОДОРА, ОЛИМПИЯ, ЭЛИМ;
Лиманя: ОЛИМПИЙ;
Лина: АВЕЛИНА, АДЕЛИНА, АКИЛИНА, АЛИНА, АНГЕЛИНА, АПОЛЛИНАРИЯ, ВАСИЛИНА, ВИТАЛИНА, ГАЛИНА, ГЕЛИАНА, ГОЛИНДУХА, ЕВАНГЕЛИНА, КАПИТОЛИНА, КАРОЛИНА, ЛЕНИНА, ЛИАНА, ЛИДИЯ, ЛИЛИАНА, ЛИН, ЛОНГИНА, МАГДАЛИНА, МЕЛИТИНА, МИХАЙЛИНА, ПАВЛИНА, ПОЛИНА, СЕЛИНА, СЕЛИНИЙ, ЭВЕЛИНА, ЭЛЛИН, ЭЛЛИНА;
Линка: ЛИНА;
Линуля: ЛЕНИНА;
Линуся: ГАЛИНА, КАРОЛИНА, ЛЕНИНА, ЛИАНА, ЛИЛИАНА;
Линуха: ЛЕНИНА, ЛИАНА, ЛИЛИАНА;
Линуша: ГАЛИНА, ЛЕНИНА, ЛИАНА, ЛИЛИАНА, ЛИНА;
Линя: ЛИДИЯ;
Липа: АЛИПИЙ, КАЛЛИОПИЙ, ОЛИМП, ОЛИМПИАД, ОЛИМПИАДА, ОЛИМПИАН, ОЛИМПИЙ, ОЛИМПИОДОРА, ОЛИМПИЯ, ПАВСИЛИП, ФИЛИПП, ФИЛИППА, ФИЛИППИЯ;
Липуся, Липуша: ОЛИМПИАДА;
Лира: ИЛЛИРИК;
Лирка, Лируся, Лируша: ЛИРА;
Лисейка: ЕЛИСЕЙ;
Лия: АМАЛИЯ, ГЕЛИАНА, ЕВФАЛИЯ, ЛИЛИЯ, СИЛЬВИЯ, ФЕЛИЦИЯ, ЦЕЦИЛИЯ;
Лога: ЕВЛОГИЙ, ЛОНГИНА, ЛОГИН, ФИЛОЛОГ;
Логута: ЛОНГИНА, ЛОГИН;
Лодя: ЛАДИСЛАВ, ЛАОДИКИЙ;
Лола: ЛОЛИЙ, ЛОЛИЯ, ЛОЛЛИЙ;
Лолка: ЛОЛЛА;
Лоля: ЛОЛИЙ, ЛОЛИЯ, ЛОЛЛИЙ;
Лона: ЛОНГИНА, ЛОГИН;
Лоня: АЛОНИЙ;
Лора: ВИЛОРА, ГЛОРИОЗА, ГЛОРИЯ, ЛАВРА, ЛАРИСА, ФЛОР, ФЛОРА, ФЛОРЕНТИЙ, ФЛОРЕНТИН, ФЛОРЕНТИНА, ФЛОРИАН, ФЛОРИАНА, ЭЛЕОНОРА;
Лотка: ЛОТА;
Лотушка: ЛОТ;
Лува: ПОЛУВИЙ;
Луизка: ЛУИЗА;
Лука: ЛУКИЯ;
Луканка: ЛУКЬЯН;
Луканя: ЛУКА, ЛУКИЙ, ЛУКЬЯН;
Лукаря, Лукася, Лукаха: ЛУКА;
Лукаша: ЛУКА, ЛУКИЙ, ЛУКЬЯН;
Лукерька, Лукерьюшка: ГЛИКЕРИЯ;
Лукийка: ЛУКИЯ;
Лукинка: ЛУКИНА;
Луконя: ЛУКА, ЛУКЬЯН;
Лукьянка: ЛУКЬЯН;
Луня: ГЛИКЕРИЯ, ЛУКА;
Лупаня, Лупка: ЛУП;
Лутоня, Лутоха, Лутоша: ЛУКЬЯН;
Луша: ГЛИКЕРИЯ, ЛУКИЯ;
Лушаня: ГЛИКЕРИЯ;
Люба: ЛЮБАВА, ЛЮБИМ, ЛЮБОВЬ, ЛЮБОМИЛА, ЛЮБОМИР, ЛЮБОМИРА, МИРОЛЮБ;
Любава: ЛЮБОВЬ;
Любавка: ЛЮБАВА;
Любаня: ЛЮБОВЬ;
Любаха, Любаша: ЛЮБАВА, ЛЮБОВЬ;
Любимка: ЛЮБИМ;
Любуся, Любуша: ЛЮБОВЬ;
Люда: ЛЮДМИЛ, ЛЮДМИЛА;
Людаха, Людаша, Людмилка, Людуся, Людуха, Людуша: ЛЮДМИЛА;
Люка: ЛУКИАНА, ЛУКИЯ;
Люля: ИЛЬЯ, ЛЮДМИЛА, ОЛЬГА;
Люня: АЛЕКСЕЙ, ИЛЬЯ, ОЛЬГА;
Люсиша: ЛЮДМИЛА;
Люся: ЕЛЕНА, ИЛЬЯ, ЛЮБОВЬ, ЛЮДМИЛ, ЛЮДМИЛА, ЛЮЦИНА, ЛЮЦИЯ, ОЛЬГА;
Люта: МИЛЮТИН, МИЛЮТИНА;
Люцинка: ЛЮЦИНА;
Ляля: АЛЬБИНА, АЭЛИТА, ЕВЛАЛИЯ, ОЛЬГА;
Ляна: ЛИАНА, ЛИЛИАНА, ЭМИЛИАН, ЭМИЛИАНА, ЮЛИАН, ЮЛИАНА, ЮЛИАНИЯ;

Мава: МАВРА;
Мавра: МАВР;
Маврик: МАВРИКИЙ;
Мавруня: МАВР, МАВРА;
Маврута: МАВРА;
Мавруша: МАВР, МАВРА;
Маврушка: МАВРА;
Мага: МАГДАЛИНА, МАГНА, МАРГАРИТА;
Магда, Магдалинка: МАГДАЛИНА;
Маинка: МАИНА;
Маиса: АНИМАИСА;
Майка: МАЙ, МАЯ;
Мака: МАКАР, МАКЕДОНИЙ, МАКРИНА, МАКСИМ, МАКСИМА, МАРГАРИТА, МАРИЯ, МАРК, МАЯ, МОКЕЙ;
Макарка, Макарша, Макаша: МАКАР;
Македонка, Македоша, Макей: МАКЕДОНИЙ;
Макридка, Макринка, Макрюша: МАКРИНА;
Максим: МАКСИМИАН, МАКСИМИЛИАН;
Максимильянка: МАКСИМИЛИАН;
Максимка: МАКСИМ, МАКСИМА;
Максюта: МАКСИАН, МАКСИМ, МАКСИМА;
Максюша: МАКСИМ, МАКСИМА;
Макся: МАКСЕНТИЙ, МАКСИАН, МАКСИМ, МАКСИМА, МАКСИМИАН, МАКСИМИЛИАН;
Малана, Маланьюшка, Маланя: МЕЛАНИЯ;
Малаха, Малаша: МЕЛАНИЯ, МАЛАХИЯ;
Малинка: МАЛИНА;
Мальва, Мальвинка: МАЛЬВИНА;
Маля: ИЗМАИЛ, МАЛ, МАЛЬВИНА, МЕЛАНИЯ, МАЛАХИЯ;
Мамелфочка: МАМЕЛФА;
Мана: ГЕРМАНА, САЛАМАН;
Манефка: МАНЕФИЯ;
Маноха, Маноша, Мануха, Мануша: МАНУИЛ;
Манюня, Манюра, Манюся, Манюта, Манюха, Манюша: МАРИЯ;
Маня: МАНУИЛ, МАРИЯ, МАНЕФИЯ, РОМАНА;
Манятка, Маняша: МАРИЯ;
Мара: МАКАР, МАР, МАРГАРИТА, МАРДАРИЙ, МАРИАМ, МАРИАН, МАРИАНА, МАРИАННА, МАРИЙ, МАРИНА, МАРИОНИЛЛА, МАРИЯ, МАРК, МАРКА, МАРЛЕН, МАРЛЕНА, МАРТ, МАРТА, МАРТИНИАНА, МАРФА, МАРИМЬЯНА, СМАРАГД, ТАМАРА;
Марга, Маргаритка, Марго, Маргоша, Маргуша: МАРГАРИТА;
Мареся: МАРЕСИЙ;
Мариамночка: МАРИМЬЯНА;
Марианка: МАРИАНА, МАРИАННА;
Марийка: МАРИЯ;
Маримьянка: МАРИМЬЯНА;
Маринка, Маринуша: МАРИНА;
Мариня: МАРИН;
Марионилка: МАРИОНИЛЛА;
Марися: МАРИНА;
Мариша: МАРИНА, МАРИЯ;
Марка: МАРКИАН;
Маркелка, Маркеха, Маркеша: МАРКЕЛЛ;
Маркианка, Маркиянка: МАРКИАН;
Маркуся: МАРК;
Маркуха, Маркуша: МАРК, МАРКЕЛЛ;
Маркушка: МАРКИАН;
Марленка: МАРЛЕН, МАРЛЕНА;
Марлеся: МАРЛЕНА;
Марлеша: МАРЛЕН;
Маронка: МАРОН;
Марта: МАРТ, МАРТИНИАНА;
Мартинианка: МАРТИНИАН, МАРТИНИАНА;
Мартинка: МАРТИНА;
Мартиня, Мартиша: МАРТИН, МАРТИНА;
Марточка: МАРТА;
Мартуся: МАРК;
Мартынка: МАРТИН;
Мартьянка: МАРТИНИАН;
Мартюня: МАРТИН, МАРТИНИАН;
Мартюха: МАРТИАН, МАРТИН, МАРТИНИАН;
Мартюша: МАРТИАН, МАРТИН, МАРТИНИАН, МАРТИНИАНА, МАРТИРИЙ;
Мартя: МАРТИАН, МАРТИН, МАРТИНА, МАРТИНИАН, МАРТИНИАНА, МАРТИРИЙ;
Маруля: МАРИЯ;
Маруня: МАРИН, МАРИЯ;
Маруся: МАРГАРИТА, МАРИНА, МАРИЯ;
Маруфа: МАРУФ;
Маруха: МАРИЯ;
Маруша: МАРИН, МАРИЯ, МАРФА;
Марфенька, Марфеня, Марфонька, Марфуня, Марфута, Марфуха, Марфуша: МАРФА;
Марцеллинка, Марценя: МАРЦЕЛЛИНА;
Марьюшка: МАРИЯ;
Марьянка, Марьяся, Марьяха: МАРИАННА;
Марьяша: МАРИАННА, МАРИЯ;
Марюня, Марюта, Марюха, Марюша: МАРИЯ;
Маря: МАРИАМ, МАРИАН, МАРИАНА, МАРИАННА, МАРИЙ, МАРИН, МАРИНА, МАРИОНИЛЛА, МАРИЯ, МАРТИАН, МАРТИН, МАРТИНИАН, МАРТИНИАНА, МАТРОНА, МАРЕСИЙ, МАРИМЬЯНА;
Мастрида: МАСТРИДИЯ;
Масюта: МАСУТ;
Мася: АНИМАИСА, МАРИЯ, МАРК, МАСУТ, ФАВМАСИЙ;
Масята: МАРИЯ;
Матвейка: МАТВЕЙ;
Матильдочка: МАТИЛЬДА;
Матрёнка, Матрёха, Матрёша, Матронка, Матроша, Матрюха, Матрюша, Матря, Матряха, Матряша, Матуля, Матуся, Матюля, Матюся: МАТРОНА;
Матюха: МАТВЕЙ, МАТРОНА;
Матюша: МАТВЕЙ, МАТРОНА;
Матя: АМАТА, ДАЛМАТ, ДАЛМАТИЙ, МАТВЕЙ, МАТИЛЬДА, МАТРОНА;
Матяха: МАТВЕЙ;
Матяша: МАТВЕЙ, МАТРОНА;
Маша: ДОМНА, МАРИНА, МАРИЯ;
Машаня, Машара, Машоня, Машука, Машуня, Машура, Машута, Машуха: МАРИЯ;
Маюня, Маюха: МАЙЯ, МАЯ;
Маюша: МАЯ;
Мая: МАИНА, МАЙЯ, МАНЕФИЯ, ФОМАИДА;
Меда: АРХИМЕД;
Медя: ТРОМЕД;
Мела: ГЕМЕЛЛ, ГЕМЕЛЛА;
Мелана, Меланьюшка, Меланя, Мелаша: МЕЛАНИЯ;
Меленя: МЕЛИТИНА;
Мелетьюшка: МЕЛЕТИЙ;
Мелёха, Мелёша: ЕМЕЛЬЯН, МЕЛЕТИЙ;
Мелитинка: МЕЛИТИНА;
Мелитоша: МЕЛИТОН;
Меля: ЕМЕЛЬЯН, МЕЛИТИНА, МЕЛИТОН, ФЕМЕЛИЙ;
Мемнонка: МЕМНОН;
Мена: АРМЕНИЙ, ЕВМЕНИЙ, ЕВМЕНИЯ, ПАРМЕН, ФИЛОМЕНА, ФИЛУМЕН;
Менандрушка: МЕНАНДР;
Меня: ЕВМЕНИЙ, ЕВМЕНИЯ, ПАРМЕН, ФРУМЕНТИЙ;
Меркура, Меркуха: МЕРКУРИЙ;
Меркуша: МЕРКУРИЙ, МЕРКУРИЯ;
Меронка: МЕРОНА;
Мефа: МАНЕФИЯ;
Мефодя: МЕФОДИЙ;
Меча, Мечиславка: МЕЧИСЛАВ;
Мея: САЛОМЕЯ, САМЕЙ;
Мика: ДОМНИКА, ЛЮДМИЛА, МИХАИЛ, МОНИКА;
Мил: МИЛЕН;
Мила: ВСЕМИЛ, ВСЕМИЛА, ДОБРОМИЛ, ДОБРОМИЛА, ЕМИЛИАНА, КАМИЛЛ, КАМИЛЛА, ЛЮБОМИЛА, ЛЮДМИЛ, ЛЮДМИЛА, МИЛАН, МИЛАНА, МИЛЕН, МИЛЕНА, МИЛИЦА, МИЛОВАН, МИЛОНЕГ, МИЛОРАД, МИЛОСЛАВ, МИЛОСЛАВА, МИЛЮТИН, МИЛЮТИНА, РАДМИЛА, ТОМИЛА;
Миланка: МИЛАН, МИЛАНА;
Милаша: ЛЮДМИЛА;
Миленка: МИЛЕНА;
Милетя: МИЛЕТИЙ;
Милована: МИЛОВАН;
Милуся: ЛЮДМИЛА, МИЛИЦА;
Милуша: ВСЕМИЛ, ВСЕМИЛА, ЛЮДМИЛА, МИЛИЦА;
Милюся: МИЛИЦА;
Милюта, Милютинка: МИЛЮТИН, МИЛЮТИНА;
Милюша: МИЛЕТИЙ, МИЛИЦА;
Миля: ЕМИЛИАНА, КАМИЛЛА, ЛЮДМИЛА, МЕЛАНИЯ, МЕЛЕТИЙ, МЕЛИТОН, МИЛЕТИЙ, МИЛИЙ, МИЛИЦА, МИЛИЯ, ЭМИЛИАН, ЭМИЛИАНА, ЭМИЛИЙ, ЭМИЛИЯ;
Миляка: МИЛИЙ;
Мина: АРМИНИЯ, ВЕНИАМИН, ГЕМИН, ГЕМИНА, ДОМИНИК, ДОМНИКА, ЕВМИНИЯ, МИНЕЙ, МИНОДОРА, МИХАИЛ, ФИРМИН;
Минайка: МИНА;
Минаша: МИНА, МИХАИЛ;
Минка: МИНА;
Минодорка: МИНОДОРА;
Минуся: МИНА;
Минуша, Минюша: МИХАИЛ;
Миня: АРМИНИЯ, МИНА, МИХАИЛ;
Миняша: МИХАИЛ;
Мира: БОРИМИР, БУДИМИР, ВЕЛИМИР, ВЕЛИМИРА, ВЛАДИМИРА, ДОБРОМИР, ДОБРОМИРА, ДРАГОМИР, КАЗИМИР, КАЗИМИРА, КРАСНОМИРА, ЛАДИМИР, ЛЮБОМИР, ЛЮБОМИРА, МИРАКС, МИРОЛЮБ, МИРОПИЯ, МИРОСЛАВ, МИРОСЛАВА, НОВОМИР, ОСТРОМИР, ПАЛЬМИРА, РАДИМИР, РАДОМИР, РАДОМИРА, РАТМИР, РЕВМИР, РЕВМИРА, СТАНИМИР, ТВОРИМИР, ТИХОМИР;
Мирка: МИРА, МИРРА;
Миронка: МИРОН;
Миропа: МИРОПИЯ;
Мироха, Мироша: МИРОН;
Мисаилка, Мисаня: МИСАИЛ;
Митра, Митраша: ДМИТРИЙ;
Митродорка: МИТРОДОР, МИТРОДОРА;
Митрофанка, Митрофаха, Митрофаша: МИТРОФАН;
Митрюха, Митрюша, Митря, Митуля, Митюля, Митюня, Митюха, Митюша: ДМИТРИЙ;
Митя: ДИМИТРИАН, ДМИТРИЙ, МЕЛЕТИЙ;
Митяй, Митяха, Митяша: ДМИТРИЙ;
Миха: МИХАИЛ, МИХЕЙ;
Михаилушка, Михай: МИХАИЛ;
Михайлинка: МИХАЙЛИНА;
Михайлушка: Михаля, Миханя, Михася: МИХАИЛ;
Михейка: МИХЕЙ;
Миша: ЕРМИНИНГЕЛЬД, МИСАИЛ, МИХАИЛ;
Мишака, Мишаня, Мишара, Мишата, Мишука, Мишуля, Мишуня, Мишура, Мишута: МИХАИЛ;
Модестка, Модя: МОДЕСТ, МОДЕСТА;
Моисейка: МОИСЕЙ;
Мока, Мокейка: МОКЕЙ;
Моля: МЕЛАНИЯ;
Мона: САМОНА, ФИЛИМОН;
Монюка: МОИСЕЙ;
Моня: АММОН, АММОНИЙ, АРТАМОН, ДОВМОНТ, МАТРОНА, МИРОН, МОИСЕЙ, ПАЛАМОН, ПАНТЕЛЕИМОН, ПАРАМОН, САМОН, СИМОН, СОЛОМОН, СОЛОМОНИЯ, ТИМОН, ФИЛИМОН, ФИЛОКТИМОН, ЭММАНУИЛ;
Моря: МАРГАРИТА, МАРИЯ;
Мосейка: МОИСЕЙ, МОСЕЙ;
Мося: АМОС, МОИСЕЙ, МОСЕЙ, ФИРМОС;
Мосяка: МОИСЕЙ;
Мотря: МАТРОНА;
Мотя: МАТВЕЙ, МАТИЛЬДА, МАТРОНА;
Моша: МИРОН, ПАРАМОН;
Мстиша: МСТИСЛАВ, МСТИСЛАВА;
Музка: МУЗА;
Муля: МАРИЯ, МОИСЕЙ, МУЛИЕРА, РОМУЛ;
Муня: АММУН, МАРИЯ, МОИСЕЙ, ЭММА;
Мура: АМУР, МАРИЯ, РИММА, ТИМУР;
Муся: ГЕРМАН, ГЕРМАНА, МАРИНА, МАРИЯ, МАТРОНА, МОИСЕЙ, ТАМАРА;
Мута: МАРИЯ;
Муфа: ФАРМУФИЙ;
Муша: МАРИЯ;

Нава: ВАРНАВА, НАВКРАТИЙ;
Надеждушка, Надёна, Надёха, Надея, Надина, Надиша, Надюня, Надюра, Надюся, Надюха, Надюша: НАДЕЖДА;
Надя: НАДА, НАДЕЖДА;
Назарка: НАЗАР;
Нака: ФАРНАКИЙ;
Накта: ДАНАКТ;
Нала: НАТАЛИЯ;
Наля: НАЛЬ, НАТАЛИЯ, ЮВЕНАЛИЙ;
Нана: АНАНИЙ;
Нанка: НАНА;
Наня: АНАНИЙ;
Наполеонка: НАПОЛЕОН;
Нара: НАРКИСС, НАРКИССА, НАРЦИСС;
Наркиска: НАРКИСС, НАРКИССА;
Нарциска: НАРЦИСС;
Наса: АНАСТАСИЯ, АФАНАСИЯ;
Наста: АНАСТАСИЯ;
Настася: АНАСТАСИЙ, АНАСТАСИЯ;
Настёна, Настёха, Настуля, Настуня, Настуся, Настюля, Настюня, Настюра, Настюха, Настя: АНАСТАСИЯ;
Нася: АНАСТАСИЯ, АФАНАСИЙ, АФАНАСИЯ;
Ната: АНАСТАСИЯ, ДОНАТ, ДОНАТА, НАТАЛИЯ, НАТАН, РЕНАТ, РЕНАТА, ФОРТУНАТ, ФОРТУНАТА;
Натала, Натальюшка, Наталя: НАТАЛИЯ;
Натаня, Натаха, Наташа: НАТАЛИЯ, НАТАН;
Натоля: АНАТОЛИЙ, АНАТОЛИЯ;
Натоха, Натоша: АНАТОЛИЙ;
Натуля: НАТАЛИЯ, НАТАН;
Натуня: НАТАЛИЯ;
Натуся: ДОНАТА, НАТАЛИЯ, НАТАН;
Наумка: НАУМ;
Нафа: НАФАНАИЛ, ЭННАФА;
Нафанаилка: НАФАНАИЛ;
Нафанка: НАФАН;
Нафаня: НАФАН, НАФАНАИЛ;
Наша: НАТАЛИЯ;
Наюся: АНАСТАСИЯ;
Ная: АНАСТАСИЯ, ДАНАЯ;
Нега: МИЛОНЕГ;
Неда: РОГНЕДА;
Нека: НЕКТАРИЙ;
Нела: МАРИОНИЛЛА, НЕОНИЛЛА, НОВЕЛЛА;
Неля: КОРНЕЛИЯ, НЕЛЛИ, НЕОНИЛЛА, НИНЕЛЬ, НОВЕЛЛА;
Нёма: НАУМ;
Ненила: НЕЛЛИ;
Ненилка, Неня, Неонилка: НЕОНИЛЛА;
Неофитка: НЕОФИТ;
Нера: ВЕНЕРА, ВЕНЕРИЙ;
Нестерка: НЕСТЕР;
Несторка: НЕСТОР;
Неся: АГНЕССА, НЕСТОР;
Нета: АННА;
Нефа: МАНЕФИЯ;
Нефёдка: МЕФОДИЙ;
Нефита: НЕОФИТ;
Нечка: НЕКТАРИЙ;
Нея: ВИРИНЕЯ, ЭНЕЙ;
Нигерка: НИГЕР;
Нида: АНТОНИНА, ЛЕОНИДА, ПЛАТОНИДА, ФИЛОНИЛЛА;
Нидка: НИДА;
Ника: АГАФОНИК, АГАФОНИКА, АНДРОНИК, АНИКИЙ, АНИКИТА, ВЕРЕНИКА, ВЕРОНИК, ГЕРМАНИК, ДОМИНИК, ДОМНИКА, ДОМНИНА, ЕВНИКА, ЕВНИКИАН, ЕВНИКИЯ, КАЛЛИНИК, КАЛЛИНИКИЯ, МОНИКА, НИКАНДР, НИКАНОР, НИКИЙ, НИКИТА, НИКИФОР, НИКОДИМ, НИКОЛАЙ, НИКОН, НИКТОПОЛИОН, НИНА, РАЗУМНИК, СТРАТОНИК, ФЕССАЛОНИКА, ФЕССАЛОНИКИЯ, ШУШАНИКА;
Никандрушка: НИКАНДР;
Никанка: НИКАНДР, НИКАНОР;
Никанорка, Никаноха, Никаноша: НИКАНОР;
Никаха: АНДРОНИК, АНИКИЙ, АНИКИТА, НИКАНДР, НИКАНОР, НИКОДИМ, НИКОЛАЙ, НИКОН;
Никаша: АГАФОНИКА, АНДРОНИК, АНИКИЙ, АНИКИТА, ВЕРЕНИКА, ВЕРОНИК, ЕВНИКИАН, КАЛЛИНИК, НИКАНДР, НИКАНОР, НИКИЙ, НИКОДИМ, НИКОЛАЙ, НИКОН, СТРАТОНИК;
Никеня, Никеша: НИКИТА;
Никитка: АНИКИТА, НИКИТА;
Никифорка: НИКИФОР;
Никиха: НИКИТА;
Никиша: НИКИТА, НИКИФОР;
Никодимка: НИКОДИМ;
Николайка, Николаха, Николаша, Николка: НИКОЛАЙ;
Николя: НИКОЛА, НИКОЛАЙ;
Никонка: НИКОН;
Никоша: НИКОЛАЙ;
Никта: НИКТОПОЛИОН;
Никула, Никуля: НИКОЛАЙ;
Никуся: АНДРОНИК, НИКА, НИКАНДР, НИКИТА, НИКИФОР, НИКОДИМ, НИКОЛАЙ, НИКОН, ФЕССАЛОНИКА, ФЕССАЛОНИКИЯ;
Никуха: НИКОН;
Никуша: АНДРОНИК, ДОМНИКА, НИКА, НИКАНДР, НИКАНОР, НИКИТА, НИКИФОР, НИКОДИМ, НИКОЛАЙ, НИКОН, ФЕССАЛОНИКА, ФЕССАЛОНИКИЯ;
Никушка: НИКА;
Нила: ДАНИИЛА, ЛЕОНИЛЛА, МАРИОНИЛЛА, НЕОНИЛЛА, САТОРНИЛ, САТУРНИЛ, ФЕОНИЛЛА, ФИЛОНИЛЛА;
Нилка: НИЛ, НИЛА;
Нилла: ЛЕОНИЛЛА, ПЕТРОНИЛЛА, ФЕОНИЛЛА, ФИЛОНИЛЛА;
Ниля: НИНЕЛЬ;
Нима: ИЕРОНИМ, НИМФА;
Нимфа: НИМФОДОРА;
Нимфушка: НИМФА;
Нина: АНТОНИНА, ВИЛЕНИНА, ДИОНИНА, ДОМНИНА, ЛЕНИНА, ЛЕОНИНА, НИНЕЛЬ, САТОРНИН, САТУРНИН;
Нинака, Нинаня: НИНА;
Нинелька: НИНЕЛЬ;
Нинка, Нинока, Нинона, Ниноня, Ниноха, Ниноша, Нинуля, Нинуня, Нинура, Нинуся, Нинуха, Нинуша, Нинюра: НИНА;
Нира: АВЕНИРА;
Нита: НИНА;
Нифа: НИФОНТ;
Ница: ДЕННИЦА;
Нова: НОВЕЛЛА, НОВОМИР;
Новелка: НОВЕЛЛА;
Новомирка: НОВОМИР;
Нона: ЗЕНОНА, МЕМНОН, НОННА, ЮНОНА;
Ноннета, Ноннушка: НОННА;
Нонуся: НОННА, ЮНОНА;
Нонюся: ЮНОНА;
Ноня: НОННА, ЮНОНА;
Нора: ВИАНОР, МИНОДОРА, НИКАНОР, НОЯБРИНА, ЭЛЕОНОРА;
Норина: НОЯБРИНА;
Ноя: ЕВНОИК, НОЯБРИНА;
Ноябринка: НОЯБРИНА;
Нуня: НИНА, НУНЕХИЯ;
Нуся: АННА, НИНА;
Нюма: НАУМ;
Нюня, Нюра, Нюрася, Нюраха, Нюраша, Нюса, Нюся: АНАСТАСИЯ, АНТОНИНА;
Нюта, Нюша: АННА;

Ова: ИОВ;
Ода: СВОБОДА;
Оза: ФЕОЗВА;
Ока: ОКЕАН, ОКТАВИЯ, ОКТЯБРИН, ОКТЯБРИНА;
Оксанка: ОКСАНА;
Октава: ОКТАВИАН, ОКТАВИЙ;
Октя: ОКТЯБРИН, ОКТЯБРИНА;
Октябринка: ОКТЯБРИНА;
Ола: ВИОЛА;
Олегушка, Олежка: ОЛЕГ;
Олёна: ОЛЬГА;
Олеся: ОЛЕГ;
Олимпиадка: ОЛИМПИАДА;
Ольгуня, Ольгуся, Ольгуха, Ольгуша, Олюля, Олюня: ОЛЬГА;
Олюся: ОЛЕГ, ОЛЬГА;
Олюха: ОЛЬГА;
Олюша: ВИОЛА, ОЛЬГА;
Олюшка: ОЛИМП;
Оля: ВИОЛА, ОЛЕГ, ОЛИМП, ОЛИМПИАДА, ОЛИМПИЙ, ОЛИМПИЯ, ОЛЬГА;
Оляня, Оляша: ОЛЬГА;
Ониса: ОНИСИЙ, ОНИСИФОР;
Онисифорка: ОНИСИФОР;
Онися: ОНИСИЙ, ОНИСИФОР;
Оня: АНИН, АНИСИЙ, АНИСЬЯ, ГЕРОНТИЙ, ГОРГОНИЯ, ИОНА, ЛЕОНИЯ, ЛЕОНТИЙ, ЛЕОНТИЯ, ОНИСИЙ, ОНИСИМ, ОНИСИФОР, ПАССАРИОН, ПЕОН, ПИОН, ПИОНИЙ, САСОНИЙ, СЕМЁН, СЕРАПИОН, ТАВРИОН, ФЕОГНИЙ, ФЕОГНИЯ, ФЕОНА, ФЛЕГОНТ, ХИОНИЯ;
Ора: ДЕБОРА, ОР, ОРЕСТ, ПИОР, СИМФОРИАН;
Ореста: ОРЕСТ;
Оря: ЕЛПИДИФОР, ОР, ОРЕСТ, ОРИОН;
Осипка: ИОСИФ;
Ося: ИОСИФ, ОНИСИФОР, ОСИЯ, ФЕОГНОСТ;
Ота: ОКТЯБРИНА;
Отя: ОКТЯБРИН, ОКТЯБРИНА;

Пава: КУПАВА, ПАВЕЛ, ПАВЛА, ПАВЛИН, ПАВЛИНА, ПАВСИКАКИЙ, ПАВСИЛИП;
Павелка: ПАВЕЛ;
Павла: ПАВЛИН, ПАВЛИНА;
Павлик: ПАВЕЛ;
Павлинка: ПАВЛИН, ПАВЛИНА;
Павлиня: ПАВЛИН;
Павлочка: ПАВЛА;
Павлуня, Павлуся: ПАВЕЛ, ПАВЛА, ПАВЛИН, ПАВЛИНА;
Павлуха, Павлуша: ПАВЕЛ, ПАВЛА, ПАВЛИН;
Павлюка, Павлюкаша, Павлюня, Павлюся: ПАВЕЛ;
Павля: ПАВЕЛ, ПАВЛИН, ПАВЛИНА;
Павша: ПАВЕЛ;
Падя: ЛАМПАД;
Паиса, Паися: ПАИСИЙ, ПАИСИЯ;
Пака: ПАПИЙ;
Палага, Палагейка: ПЕЛАГЕЯ, ПАЛАГЕЙ;
Паладя: ПАЛЛАДИЙ, ПАЛЛАДИЯ;
Паланя: ПЕЛАГЕЯ;
Палаша: ПАЛЛАДИЙ, ПАЛЛАДИЯ, ПЕЛАГЕЯ;
Палуня: ПАВЕЛ;
Пальма: ПАЛЬМИРА;
Пальмирка: ПАЛЬМИРА;
Палюня: ПАВЕЛ;
Паля: ПАВЕЛ, ПАЛАМОН, ПАЛАТИН, ПАЛЛАДА, ПАЛЛАДИЙ, ПАЛЛАДИЯ, ПОЛУВИЙ;
Пама: ПАХОМ, ПИАМА;
Памфилка: ПАМФИЛ;
Пана: ЕВПРАКСИЯ, ПАВЕЛ, ПАНТЕЛЕИМОН, ПАПА, ПОЛИНА, ПРАСКОВЬЯ, СТЕПАНИДА;
Панаса: АФАНАСИЙ;
Панкратка, Панкраха, Панкраша: ПАНКРАТ;
Пантелейка, Пантелеймонка, Пантелюха, Пантелюша, Пантюха, Пантюша, Пантя: ПАНТЕЛЕИМОН;
Пануля: ПОЛИНА;
Панфёрка: ПАРФЁН;
Панфилка: ПАМФИЛ;
Панфуша: ПАМФИЛ, ПАРФЁН;
Панюля: ПОЛИНА;
Панюта, Панюха: ПАВЕЛ;
Панюша: ПАВЕЛ, ПАВЛА, ПРАСКОВЬЯ;
Паня: ЕВПРАКСИЯ, ОЛИМПИАН, ПАВЕЛ, ПАВЛА, ПАНКРАТ, ПАНТЕЛЕИМОН, ПАРФЁН, ПАФНУТИЙ, ПОЛИНА, ПРАСКОВЬЯ;
Паняша: ПАВЕЛ;
Папа: ПАПИЙ;
Папаня, Папка: ПАПА;
Пара: ПАРД, ПРАСКОВЬЯ;
Парамонка, Парамоха, Парамоша: ПАРАМОН;
Параня: ЕВПРАКСИЯ, ПРАСКОВЬЯ;
Параса, Парасковьюшка: ПРАСКОВЬЯ;
Парася: ЕВПРАКСИЯ, ПРАСКОВЬЯ;
Параха: ПРАСКОВЬЯ;
Параша: ЕВПРАКСИЯ, ПРАСКОВЬЯ;
Парма, Пармёнка, Пармёха, Пармёша: ПАРМЕН;
Паруня, Паруха, Паруша: ПРАСКОВЬЯ;
Парфёнка, Парфентьюшка, Парфеня, Парфёха, Парфёша, ПАРФЁН, ПАРФЕНИЙ;
Пася: ПАИСИЙ, ПАИСИЯ, ПАСИКРАТ, ПАССАРИОН;
Пата: СОСИПАТР, СОСИПАТРА, СПАРТАК;
Патра: СОСИПАТР, СОСИПАТРА;
Патрика: ПАТРИКИЙ, ПАТРИКИЯ;
Патрикуша, Патрикушка: ПАТРИКИЙ;
Патроклушка: ПАТРОКЛ;
Патря: ПАТРИКИЙ, ПАТРИКИЯ, ПАТРОКЛ;
Патя: ИПАТИЙ, КЛЕОПАТРА, ПАТРИКИЙ, ПАТРИКИЯ, ПАТРОКЛ, ПАТАПИЙ, СПАРТАК;
Пафнутьюшка, Пафнуша: ПАФНУТИЙ;
Паха: ПАВЕЛ, ПАНХАРИЙ, ПАХОМ;
Пахомка: ПАХОМ;
Паша: ПАВЕЛ, ПАВЛА, ПАВЛИН, ПАЛЛАДИЙ, ПАЛЛАДИЯ, ПАНХАРИЙ, ПАПИЙ, ПАРФЁН, ПАФНУТИЙ, ПАХОМ, ПОЛИНА, ПОЛУВИЙ, ПРАСКОВЬЯ, СОСИПАТР, СОСИПАТРА;
Пашата, Пашуня: ПАВЕЛ;
Пашута: ПАВЕЛ, ПАВЛА, ПАХОМ;
Пашуха: ПАВЕЛ, ПАВЛА;
Пелага, Пелагейка: ПЕЛАГЕЯ, ПАЛАГЕЙ;
Пелагуша: ПЕЛАГЕЯ;
Пелеюшка: ПЕЛЕЙ;
Пеля: АПЕЛЛИЙ, ПЕЛЕЙ, ПЕЛИЙ;
Пена: ПЕОН, ФЕОПЕНТ;
Пеонка: ПЕОН;
Перегринка: ПЕРЕГРИН, ПЕРЕГРИНА;
Пересвета: ПЕРЕСВЕТ;
Перфиля, Перфиша: ПОРФИРИЙ;
Пестя: ЕПИСТИМА;
Песя: ФЕСПЕСИЙ;
Пета: ПЁТР, ПЕТРА, ПЕТРОНИЛЛА;
Петаня, Петёха, Петёша, Петоха, Петоша, Пётра, Петрай, Петрака, Петраня, Петраха, Петраша: ПЁТР;
Петринка: ПЕТРИНА;
Петроня: ПЕТРОНИЙ, ПЕТРОНИЯ;
Петруня, Петруся, Петруха, Петруша: ПЁТР;
Петря: ПЁТР, ПЕТРОНИЙ, ПЕТРОНИЯ;
Петряй, Петряка, Петряня, Петрята, Петряха, Петряша: ПЁТР;
Петуля: ПЕТРА;
Петуня, Петуся: ПЁТР, ПЕТРА;
Петуха, Петуша: ПЁТР;
Петуя: ПЕРПЕТУЯ;
Петюка: ПЁТР;
Петюня, Петюся: ПЁТР, ПЕТРА;
Петюха: ПЁТР;
Петюша: ПЁТР;
Петя: ПЁТР, ПЕРПЕТУЯ, ПЕТРА, ПЕТРОНИЙ, ПЕТРОНИЛЛА, ПЕТРОНИЯ;
Петяй, Петяйка, Петяня, Петяха, Петяша: ПЁТР;
Пея: ПОМПЕЙ;
Пиана: РОДОПИАН;
Пигася: ПИГАСИЙ;
Пидя: ЕЛПИДИФОР;
Пикта: ЭПИКТЕТ;
Пима: ЕПИМАХ, ПИАМА, ПИМЕН;
Пиманя, Пимаха, Пимаша, Пименка: ПИМЕН;
Пина: ПИННА;
Пиня: ПИННА, ПИОН, ПИОНИЙ;
Пионя: ПИОНИЙ;
Пиора: ПИОР;
Пита: ПИТИРИМ, ПИТИРУН;
Питима, Питиримка: ПИТИРИМ;
Питя: ПИСТ, ПИТИРИМ, ПИТИРУН, ФЕОПИСТ, ФЕОПИСТИЯ;
Пифа, Пиша: ЕПИФАН;
Пия: ОЛИМПИАДА, ПОМПИЙ;
Плака: ПЛАКИЛЛА;
Плата: ПЛАТОН, ПЛАТОНИДА;
Платонидка: ПЛАТОНИДА;
Платонка: ПЛАТОН;
Платоня: ПЛАТОН, ПЛАТОНИДА;
Платоха: ПЛАТОН;
Платоша: ПЛАТОН, ПЛАТОНИДА;
Плия: ПОПЛИЙ, ПОПЛИЯ;
Победушка: ПОБЕДА;
Полиектушка: ПОЛИЕВКТ;
Полиенка: ПОЛИЕН;
Полика, Поликаня, Поликарпка, Поликаха, Поликаша, Поликей: ПОЛИКАРП;
Поликсюша: ПОЛИКСЕНИЯ;
Поликуша: ПОЛИКАРП;
Полина: АПОЛЛИНАРИЯ, ПЕЛАГЕЯ;
Полинка: ПОЛИНА;
Полоня, Полоша: ЕППОЛОНИЙ;
Полюня: АПОЛЛИНАРИЙ, АПОЛЛИНАРИЯ, ИППОЛИТ, ПОЛИНА;
Полюся: ИППОЛИТ, ПЕЛАГЕЯ, ПОЛИНА;
Полюха: ПЕЛАГЕЯ, ПОЛИНА;
Полюша: АПОЛЛИНАРИЙ, АПОЛЛИНАРИЯ, ПЕЛАГЕЯ, ПОЛИНА;
Поля: АПОЛЛИНАРИЙ, АПОЛЛИНАРИЯ, АПОЛЛОН, АПОЛЛОНИЙ, АПОЛЛОНИЯ, АПОЛЛОС, ИППОЛИТ, ИППОЛИТА, НАПОЛЕОН, НИКТОПОЛИОН, ПЕЛАГЕЯ, ПОЛАКТИЯ, ПОЛИЕВКТ, ПОЛИЕН, ПОЛИКАРП, ПОЛИКСЕНИЯ, ПОЛИНА, ПОЛИОДОР, ПОЛУВИЙ, СВЯТОПОЛК, ЯРОПОЛК;
Поляна: АПОЛЛИНАРИЙ, АПОЛЛИНАРИЯ;
Поляха, Поляша: ПОЛИНА;
Пома: ПОМПЕЙ, ПОМПИЙ;
Понтей, Понтя: ПОНТИЙ;
Поня: ПОНТИЙ, ФЕРАПОНТ;
Поплеша: Попля: ПОПЛИЙ;
Пора: ПРАСКОВЬЯ;
Порфирка, Порфирьюшка, Порфиша: ПОРФИРИЙ;
Пота, Потаня: ПОТАМИЙ, ПОТАП;
Потапка: ПОТАП;
Потя: ПОТАП, ПОТИТ;
Прасковьюшка, Праскуня, Праскута: ПРАСКОВЬЯ;
Препа: ФЕОПРЕПИЙ;
Приска, Прися: ПРИСКИЛЛА;
Провка: ПРОВ;
Проклушка: ПРОКЛ;
Прокопка, Прокопьюшка, Прокофа, Прокофьюшка, Прокоша: ПРОКОПИЙ;
Прокулка: ПРОКУЛ;
Прокша: ПРОКЛ, ПРОКОПИЙ, ПРОКУЛ;
Проньша: ПРОКОПИЙ, ПРОХОР;
Проня: АПРОНИАН, ПРАСКОВЬЯ, ПРОКЛ, ПРОКОПИЙ, ПРОКУЛ, ПРОХОР;
Проняка: ПРОКОПИЙ;
Проса: ПРАСКОВЬЯ;
Проскудя, Проскуня: ПРОСКУДИЯ;
Прося: ЕВПРАКСИЯ, ПРАСКОВЬЯ, ПРОСДОКА, ПРОСКУДИЯ;
Прота: ПРОТ;
Протаска, Протасьюшка, Протася: ПРОТАСИЙ;
Протя: ПРОТ, ПРОТАСИЙ, ПРОТЕРИЙ, ПРОТОГЕН, ПРОТОЛЕОН;
Проха, Прохорка: ПРОХОР;
Проша: ПРОКОПИЙ, ПРОХОР;
Прошуня: ПРОХОР;
Птоломейка: ПТОЛОМЕЙ;
Пудаша, Пудя: ПУД;
Пульхерьюшка, Пуля: ПУЛЬХЕРИЯ;
Пуня: ПРАСКОВЬЯ;
Пуся: ПЕЛАГЕЯ, ПОЛИНА;
Пуша: ПУЛЬХЕРИЯ;

Рава, Равулка: РАВУЛА;
Рада: АРИАДНА, МИЛОРАД, РАДИСЛАВ, РАДИСЛАВА, РАДМИЛА, РАДОМИРА, РАДОСТЬ;
Радик: РАДИЙ, РАДОМИР;
Радка: РАДА;
Радя: РАДИЙ, РАДИМ, РАДИМИР, РАДОМИР, ТРОАДИЙ;
Разя: РАЗУМНИК, ЭРАЗМ;
Раида: ИРАИДА;
Раиска: РАИСА;
Ракля: ИРАКЛИЙ;
Рася: ГЕРАСИМ;
Рата: ГОНОРАТА;
Ратя: ГОНОРАТА, РАТИБОР, РАТМИР;
Рафа, Рафаилка: РАФАИЛ, РАФАИЛА;
Рафила: РАФАИЛ;
Раха: РАФАИЛ, РАХИЛЬ;
Рахилька: РАХИЛЬ;
Раша: РАИСА, РАФАИЛ, РАХИЛЬ;
Раюся, Раюша: РАИСА;
Рая: ИЗРАИЛЬ, ИРАИДА, РАИСА, РАХИЛЬ;
Рева: РЕВЕККА, РЕВМИР, РЕВМИРА, РЕВОКАТ;
Ревка: РЕВА;
Ревмирка: РЕВМИР, РЕВМИРА;
Ревокатка: РЕВОКАТ;
Регинка: РЕГИНА;
Реза: ТЕРЕЗА;
Реля: АВРЕЛИАН, АВРЕЛИЙ, АВРЕЛИЯ, АПРЕЛИЯ;
Рема: ЕФРЕМ, ЗАРЕМА, РЕВМИР, РЕВМИРА, РЕМ;
Ремка: РЕМА;
Ремуля: РЕМ;
Ремуся: РЕМ, РЕМА;
Рена: ВЕРЕНИКА, ИРИНА, РЕГИНА, РЕНАТ, РЕНАТА, ФЛОРЕНТИНА;
Рената: РЕНАТ;
Ренатка: РЕНАТА;
Реня: ВЕРЕНИКА, РЕГИНА, СЕРЕН, ФЛОРЕНТИЙ, ФЛОРЕНТИН;
Рестка: ЕВАРЕСТ;
Рея: АВРЕЯ, АСКИТРЕЯ, РЕАС;
Рида: АРИАДНА, МАСТРИДИЯ;
Рика: МАВРИКИЙ, УВРИКИЙ;
Рима: МАРИМЬЯНА, РИМ, РИММА, РИПСИМИЯ;
Риммура, Риммушка: РИММА;
Римуля: РИМ, РИММА;
Римуся: РИМ;
Рина: ВИРИНЕЯ, ДЕКАБРИНА, ЕКАТЕРИНА, ИРИНА, ИРИНАРХ, ИРИНЕЙ, КАРИНА, НОЯБРИНА, ОКТЯБРИНА, РЕГИНА, РИММА, СЕВЕРИН, СЕВЕРИНА, ФЛОРИАНА;
Риний: ИРИНАРХ;
Риня: ВИРИНЕЯ, ИРИНЕЙ, ИРИНИЙ;
Рипа: АГРИППИНА;
Рипся: РИПСИМИЯ;
Риса: АРИС, ХРИСА;
Ристаша: АРИСТАРХ;
Ристя: АРИСТИОН;
Рита: ГЕНРИЕТТА, МАРГАРИТА, ХАРИТ, ХАРИТА;
Ританя, Ритоха, Ритоша, Ритуля, Ритуня, Ритуся, Ритуша: МАРГАРИТА;
Роба, Робертушка: РОБЕРТ;
Рова: РАВУЛА;
Рога: РОГВОЛОД;
Рогнедка, Рода: РОГНЕДА;
Родионка: ИРОДИОН, РОДИОН;
Родиоша, Родюша: РОДИОН;
Родя: ИРОДИОН, ПАРОД, РОДИОН, РОДИСЛАВ, РОДОПИАН;
Рожка: РОГВОЛОД;
Роза: РОЗАЛИЯ;
Розка: РОЗА;
Розуля: РОЗА, РОЗАЛИЯ;
Роксанка: РОКСАНА;
Рома: РОМАН, РОМАНА, РОМИЛ, РОМОДАН, РОМУЛ, ФИЛОРОМ;
Романка: РОМАН;
Романя: РОМАН, РОМАНА;
Ромася, Ромаха, Ромаша: РОМАН;
Ромилка: РОМИЛ;
Ромоданка: РОМОДАН;
Ромуля: РОМАН, РОМУЛ;
Рона: ААРОН, ВЕРОНИК, ВЕРОНИКА, ВЕРОНИЯ, МАРОН, МАТРОНА, РОКСАНА;
Ронюша: ВЕРОНИКА;
Роня: АРОНОС, ВЕРОНИК, ВЕРОНИКА, ВЕРОНИЯ, ГЕРОН, ГЕРОНТИЙ, ГОБРОН, МИРОН, ПЕТРОНИЙ, ПЕТРОНИЯ, РОКСАНА, СОФРОН;
Рора: АВРОРА;
Ростиславка: РОСТИСЛАВ, РОСТИСЛАВА;
Ростя: ОРЕСТ, РОСТИСЛАВ, РОСТИСЛАВА;
Ростяна: РОСТИСЛАВ, РОСТИСЛАВА;
Рося: АМВРОСИЙ, ДРОСИДА, РОСТИСЛАВ, РОСТИСЛАВА, ЭРОС, ЯРОСЛАВ, ЯРОСЛАВА;
Ротя: РОСТИСЛАВ, РОСТИСЛАВА;
Роха: АРОНОС;
Роша: УРОШ;
Рубентьюшка, Рубеня: РУБЕНТИЙ;
Рува, Рувимка, Рувинка: РУВИМ;
Русланка: РУСЛАН, РУСЛАНА;
Рустя: РУСТИК;
Руся: ВЕРА, РУСЛАН, РУСЛАНА, РУСТИК;
Руфа: МАРУФ, РУФ, РУФИН, РУФИНА, РУФИНИАН, РУФИНИАНА, РУФЬ, ФЕРВУФА;
Руфаня: РУФ;
Руфимка: РУФИНА;
Руфинианка: РУФИНИАНА;
Руфинка: РУФИН, РУФИНА, РУФИНИАН, РУФИНИАНА;
Рюра: РЮРИК;

Сабинка: САБИНА;
Сава: ВАРСАВА, САВВА, САВВАТИЙ, САВВАТИЯ, САВЕЛИЙ, САВЕЛЛА, САВЕРИЙ, САВИН, САВИНА, САВИНИАН;
Савастьянка: СЕВАСТЬЯН;
Савватейка: САВВАТИЙ;
Саввушка: САВВА;
Савелка: САВЕЛЛА;
Савёлка: САВЕЛИЙ;
Савельюшка: САВЕЛИЙ;
Савера: САВЕРИЙ;
Савинка: САВИН, САВИНА;
Савостейка, Савося: СЕВАСТЬЯН;
Садофка: САДОФ;
Садя: САДОК, САДОФ;
Сайка: ИСАИЯ;
Саламанка: САЛАМАН;
Саломейка: САЛОМЕЯ;
Саля: САЛЬВИЙ, САЛЬВИЯ;
Самейка: САЛОМЕЯ, САМЕЙ;
Самойлушка: САМУИЛ;
Самонка: САМОНА;
Самоня: САМОН, САМУИЛ;
Самоха: САМЕЙ, САМОН, САМУИЛ;
Самоша: САМЕЙ, САМУИЛ;
Самсонка: САМСОН;
Самуилка, Самуня, Самуха: САМУИЛ;
Сана: ДИСАН, ОКСАНА, РОКСАНА, СУСАННА;
Санна: СУСАННА;
Санфа: ХРИСАНФ;
Санюра, Санюта, Санюха, Санюша: АЛЕКСАНДР, АЛЕКСАНДРА;
Саня: АЛЕКСАНДР, АЛЕКСАНДРА, АЛЕКСАНДРИН, АЛЕКСАНДРИНА, РОКСАНА, САМУИЛ, ФИРС, ХРИСА, ХРИСАНФ, ХРИСИЯ;
Сара: САРВИЛ, САРРА;
Сарвилка: САРВИЛ;
Саррушка: САРРА;
Саса: САСОНИЙ;
Сата: САТИР, САТИРА, САТОРИН, САТОРНИЛ, САТОРНИН, САТУРНИЛ, САТУРНИН;
Сатирка: САТИР, САТИРА;
Сатора: САТОРНИЛ;
Сатура: САТУРНИЛ, САТУРНИН;
Сатуха, Сатуша: САТОРНИН;
Сатя: САТИР, САТИРА;
Сафа: ИОСАФ;
Саша: АЛЕКСАНДР, АЛЕКСАНДРА, АЛЕКСАНДРИН, АЛЕКСАНДРИНА, САМЕЙ;
Сашуля, Сашуня, Сашура, Сашута, Сашуха: АЛЕКСАНДР, АЛЕКСАНДРА;
Света: ПЕРЕСВЕТ, СВЕТИСЛАВ, СВЕТИСЛАВА, СВЕТЛАН, СВЕТЛАНА, СВЕТОВИД, СВЕТОЗАР, СВЕТОЗАРА, СВЕТОЛИК, СВЯТОСЛАВ;
Светланка: СВЕТЛАНА;
Световидка: СВЕТОВИД;
Светозарка: СВЕТОЗАР, СВЕТОЗАРА;
Светуля, Светуня, Светуся, Светуха, Светуша: СВЕТЛАНА;
Свиридка, Свиря: СПИРИДОН;
Свободка: СВОБОДА;
Свята: СВЯТОГОР, СВЯТОПОЛК, СВЯТОСЛАВ, СВЯТОСЛАВА;
Святогорка: СВЯТОГОР;
Святославка: СВЯТОСЛАВ, СВЯТОСЛАВА;
Сдока: ПРОСДОКА;
Сева: ВСЕВОЛОД, ЕВСЕВИЙ, ЕВСЕВИЯ, ЕВСЕВОН, СЕВАСТЬЯН, СЕВАСТЬЯНА, СЕВЕР, СЕВЕРИН, СЕВЕРИНА, СЕВЕРЬЯН, СЕВИР, ФЕОСЕВИЯ;
Севастьянка: СЕВАСТЬЯН, СЕВАСТЬЯНА;
Севаша: СЕВАСТЬЯН;
Северинка: СЕВЕРИН, СЕВЕРИНА;
Северьянка: СЕВЕРЬЯН;
Селиванка: СЕЛИВАН;
Селивёрстка: СИЛЬВЕСТР;
Селинка: СЕЛИНА;
Селифанка, Селифоша: СЕЛИВАН;
Селя: СЕЛИНА, СЕЛИНИЙ, СИЛЬВЕСТР;
Сёма, Семёнка: СЕМЁН;
Сенюра: КСЕНИЯ, СЕМЁН;
Сенюха, Сенюша: СЕМЁН;
Сеня: АВКСЕНТИЙ, АРСЕНИЙ, АРСЕНИЯ, КСЕНИЯ, КСЕНОФОНТ, МАКСЕНТИЙ, СЕМЁН, СЕННИС, ЯСОН;
Сера: СЕРАПИОН, СЕРАФИМ, СЕРАФИМА;
Серапионка: СЕРАПИОН;
Серафимка: СЕРАФИМ, СЕРАФИМА;
Сергейка, Сергуля, Сергуна, Сергуня, Сергуся, Сергуша, Серёжа, Серёня, Сереня, Серж: СЕРГЕЙ;
Серпа, Серпя: СЕРАПИОН;
Сива: СИЛЬВЕСТР;
Сивеня: СИВЕЛ;
Сида: ДРОСИДА, ИСИДОР;
Сидорка, Сидя: ИСИДОР;
Сила: ВАСИЛЛА, ПАВСИЛИП, СИЛАН, СИЛУАН;
Силантьюшка, Силаня: СИЛАН;
Силаша: СИЛА, СИЛАН;
Силка: СИЛА;
Силуанка: СИЛУАН;
Сильва: СИЛЬВАН, СИЛЬВАНА, СИЛЬВИЯ;
Сильванка: СИЛЬВАН, СИЛЬВАНА;
Сильвёрстка, Сильвеструшка: СИЛЬВЕСТР;
Сильвушка: СИЛЬВИЙ;
Силя: ВАСИЛИЯ, СИЛАН, СИЛЬВЕСТР, СИЛЬВИЙ, СИЛЬВИЯ;
Сима: ЗОСИМА, МАКСИМ, МАКСИМА, МАКСИМИАН, МАКСИМИЛИАН, ОНИСИМ, РИПСИМИЯ, СЕМЁН, СЕРАФИМ, СЕРАФИМА, СИМ, СИМОН, СИМФОРИАН, ФЕЛИКИССИМ, ФЕЛИЦИССИМ, ХАРИСИМ;
Симаня: СЕМЁН, СИМ;
Симоня: СЕМЁН;
Симуля: ЗОСИМА, СЕРАФИМ, СЕРАФИМА;
Симуня, Симура, Симуха, Симуша: СЕРАФИМ, СЕРАФИМА;
Сина: АЛЕКСИНА, ЕФРОСИН;
Синклита, Синклитуша: СИНКЛИТИКИЯ;
Сирка: СИРА;
Сисойка: СИСОЙ;
Скитря, Скитя: АСКИТРЕЯ;
Слава: БЕЛОСЛАВ, БЕЛОСЛАВА, БЛАГОСЛАВ, БОЛЕСЛАВА, БОРИСЛАВ, БОРИСЛАВА, БРАТИСЛАВ, БРАТИСЛАВА, БРОНИСЛАВ, БРОНИСЛАВА, БРЯЧИСЛАВ, ВАЦЛАВ, ВАЦЛАВА, ВЕНЦЕСЛАВ, ВЕНЦЕСЛАВА, ВЛАДИСЛАВ, ВОИСЛАВ, ВОИСЛАВА, ВСЕСЛАВ, ВСЕСЛАВА, ВЫШЕСЛАВ, ВЯЧЕСЛАВ, ГОРИСЛАВ, ГОРИСЛАВА, ГРАДИСЛАВ, ГРАДИСЛАВА, ГРЕМИСЛАВ, ДОБРОСЛАВ, ДОБРОСЛАВА, ИЗЯСЛАВ, ИСТИСЛАВ, КРАСНОСЛАВ, ЛАДИСЛАВ, МЕЧИСЛАВ, МИЛОСЛАВ, МИЛОСЛАВА, МИРОСЛАВ, МИРОСЛАВА, МСТИСЛАВ, МСТИСЛАВА, РАДИСЛАВ, РАДИСЛАВА, РОДИСЛАВ, РОСТИСЛАВ, РОСТИСЛАВА, СВЕТИСЛАВ, СВЕТИСЛАВА, СВЯТОСЛАВ, СВЯТОСЛАВА, СЛАВ, СЛАВИЙ, СТАНИСЛАВ, СТАНИСЛАВА, ТВЕРДИСЛАВ, ЯРОСЛАВ, ЯРОСЛАВА;
Славка: СЛАВА;
Славуня: ВЛАДИСЛАВ, ВЛАДИСЛАВА, ВЯЧЕСЛАВ, МЕЧИСЛАВ, РОСТИСЛАВ, РОСТИСЛАВА, СВЯТОСЛАВ, СВЯТОСЛАВА, СЛАВА, СТАНИСЛАВ, СТАНИСЛАВА, ТВЕРДИСЛАВ, ЯРОСЛАВ;
Славуся: ВЛАДИСЛАВ, ВЛАДИСЛАВА, ВЯЧЕСЛАВ, РОСТИСЛАВ, РОСТИСЛАВА, СВЯТОСЛАВ, СВЯТОСЛАВА, СЛАВА, СТАНИСЛАВ, СТАНИСЛАВА, ТВЕРДИСЛАВ, ЯРОСЛАВ;
Славуха: ВЯЧЕСЛАВ;
Созонка: СОЗОН;
Созонтка: СОЗОНТ;
Сократка: СОКРАТ;
Соломонидка: СОЛОМОНИДА;
Соломонка: СОЛОМОН;
Солоня: СОЛОМОН, СОЛОМОНИЯ;
Солоха, Солоша: СОЛОМОНИЯ;
Соля: СОЛА, СОЛОМОНИЯ;
Сома: СОЛОМОНИЯ;
Сона, Сонюша: СОФЬЯ;
Соня: САМСОН, САСОНИЙ, СОЛОМОНИЯ, СОФЬЯ, ЯСОН;
Соса, Сосипатка: СОСИПАТР;
Сосипатрушка, Сосипаша: СОСИПАТР, СОСИПАТРА;
Сося: СИСОЙ, СОСИПАТР, СОСИПАТРА, СОСФЕН;
Софа: СОФОНИЙ, СОФРОН, СОФЬЯ, ФИЛОСОФ;
Софонка, Софонтьюшка, Софоня, Софоша: СОФОНИЙ;
Софронка, Софроня, Софроша: СОФРОН;
Софьюшка: СОФЬЯ;
Соя: СИСОЙ;
Спартакушка, Спарташа: СПАРТАК;
Спира, Спиридонка, Спиридоша, Спиря: СПИРИДОН;
Станиславка: СТАНИСЛАВ, СТАНИСЛАВА;
Станя: АСТА, КОНСТАНЦИЯ, СТАНИМИР, СТАНИСЛАВ, СТАНИСЛАВА;
Стася: АНАСТАСИЙ, СТАНИСЛАВ, СТАНИСЛАВА;
Стафа: ЕВСТАФИЙ, ЕВСТАФИЯ;
Стаха, Стаханя: СТАХИЙ;
Сташа: ЕВСТАФИЙ, ЕВСТАФИЯ, ЕВСТАХИЙ, СТАХИЙ;
Стелка: СТЕЛЛА;
Стенюша, Стеня: СТЕПАНИДА;
Стёпа: СТЕПАН, СТЕПАНИДА;
Степанидка: СТЕПАНИДА;
Степанка, Степаня, Степаха, Степаша, Степуня, Степура: СТЕПАН;
Стефа: СТЕФАНИЯ;
Стеха: СТЕПАНИДА;
Стеша: АСТЕРИЙ, СТЕПАНИДА, СТЕФАНИЯ;
Стива: МСТИСЛАВ, МСТИСЛАВА;
Стигнейка: ЕВСТИГНЕЙ;
Стина: ФАВСТИНА, ХРИСТИНА;
Стола, Столина, Столя: ЕВСТОЛИЯ;
Стоянка: СТОЯН;
Страта: ЕВСТРАТ;
Стратилатка: СТРАТИЛАТ;
Стюра: АНАСТАСИЯ;
Стюша: ЕВСТИГНЕЙ;
Суна, Суса, Сусанка, Суся: СУСАННА;
Сысойка: СИСОЙ;
Сюня: КСЕНИЯ;
Сюра: ВАСИЛИЙ, СЕРАФИМ, СЕРАФИМА;
Сюта: ВАСИЛИЙ;
Сюша: АРСЕНИЯ;

Тава: ОКТАВИАН, ОКТАВИЙ, ОКТАВИЯ, ТАВИФА;
Тавифка: ТАВИФА;
Тавря: ТАВРИОН;
Таиска, Таисьюшка, Таися: ТАИСИЯ;
Тала: НАТАЛИЯ, ТОМИЛА;
Талина: ВИТАЛИНА;
Талюша: НАТАЛИЯ;
Таля: ВИТАЛИЙ, ВИТАЛИК, ВИТАЛИКА, ВИТАЛИНА, ВИТАЛИЯ, НАТАЛИЯ;
Тама: ПОТАМИЙ, ТАМАРА, ТОМИЛА;
Тамарка, Тамуся: ТАМАРА;
Тана: ЦВЕТАН, ЦВЕТАНА;
Танюра, Танюся, Танюта, Танюха: ТАТЬЯНА;
Танюша: ТАТЬЯНА, ЦВЕТАНА;
Таня: ТАТЬЯНА, ЦВЕТАН, ЦВЕТАНА;
Тара: ТАРАХ;
Тараска: ТАРАС, ТАРАСИЯ;
Тараха, Тараша: ТАРАХ;
Таря: ПЛУТАРХ;
Тасюта: ТАИСИЯ;
Тася: АНТОНИНА, ПРОТАСИЙ, СТАНИСЛАВА, ТАИСИЯ, ФРОНТАСИЙ;
Тата: НАТАЛИЯ, ТАМАРА, ТАТЬЯНА, ФЕЛИЦИТАТА;
Татуля, Татуня: ТАТЬЯНА;
Татуся: НАТАЛИЯ, ТАМАРА, ТАТЬЯНА;
Татьянка: ТАТЬЯНА;
Таша: ЕВСТАФИЯ, НАТАЛИЯ, ТАТЬЯНА;
Таюня, Таюся, Таюта, Таюха, Таюша, Тая: ТАИСИЯ;
Творимирка: ТВОРИМИР;
Теза, Тезя: ТЕРЕЗА;
Текуска: ТЕКУСА;
Тёма: АРТАМОН, АРТЕМИЙ, ТИМОФЕЙ;
Тёна: АНАСТАСИЯ;
Теня: ГОРТЕНЗИЯ;
Теодорка: ТЕОДОР;
Терезка: ТЕРЕЗА;
Терентьюшка, Тереня, Терёня, Терёха: ТЕРЕНТИЙ;
Терёша: НЕСТЕР, ТЕРЕНТИЙ;
Терюша: ТЕРЕНТИЙ;
Теря: ПРОТЕРИЙ, ТЕРЕНТИЙ, ТЕРТИЙ;
Теся: ТЕРЕЗА;
Тета: ЭПИКТЕТ;
Теша: СТЕПАНИДА;
Тёша: ТЕРЕНТИЙ;
Тея: АРГЕНТЕЯ;
Тива: ТИВУРТИЙ;
Тигра, Тигруша: ТИГРИЙ, ТИГРИЯ;
Тима: ТИМОЛАЙ, ТИМОН, ТИМОФЕЙ, ТИМУР, ФИЛОКТИМОН;
Тиманя, Тимаха, Тимаша: ТИМОФЕЙ;
Тимола, Тимолаюшка: ТИМОЛАЙ;
Тимоня: ТИМОЛАЙ, ТИМОН, ТИМОФЕЙ;
Тимося, Тимофейка, Тимоха, Тимоша, Тимуня: ТИМОФЕЙ;
Тимурка: ТИМУР;
Тина: АВГУСТИН, АВГУСТИНА, АВЕНТИН, АВЕНТИНА, АЛЕВТИН, АЛЕВТИНА, АРГЕНТИНА, КЕЛЕСТИНА, КЛЕМЕНТИНА, ЛЕОНТИНА, МАРТИНИАНА, МЕЛИТИНА, МИЛЮТИН, МИЛЮТИНА, ПАЛАТИН, ФАВСТИНА, ФАНТИН, ФАНТИНА, ФЕТИНИЯ, ФЛОРЕНТИН, ФЛОРЕНТИНА, ФОТИН, ФОТИНА, ФОТИНИЯ, ХАРИТИНА, ХРИСТИНА, ЦЕЛЕСТИН, ЦЕЛЕСТИНА, ЮСТИН, ЮСТИНА, ЮСТИНИАН;
Типа: АНТИП;
Тиса: ФЕОКТИСТ, ФЕОКТИСТА;
Тита: ВЕСТИТА, ПОТИТ;
Титка: ТИТ;
Тиха: ТИХИК, ТИХОМИР, ФЕОСТИХ, ФЕОТИХ;
Тиханя: ТИХИК;
Тихомирка: ТИХОМИР;
Тихонка, Тихоня: ТИХОН;
Тиша: ЕВТИХИАН, ЕВТИХИЙ, ЕВТИХИЯ, ТИХИК, ТИХОМИР, ТИХОН, ФЕОСТИХ, ФЕОТИХ;
Това: ТОВИЙ;
Тодя: ТЕОДОР;
Толина: ЕВСТОЛИЯ;
Толюня, Толюся: АНАТОЛИЙ;
Толя: АНАТОЛИЙ, АНАТОЛИЯ, ВИТОЛЬД, ВИТОЛЬДА, ЕВСТОЛИЯ, КАПИТОЛИНА, ПРОТОЛЕОН, ПТОЛОМЕЙ, СВЕТОЛИК;
Толяна, Толяха, Толяша: АНАТОЛИЙ;
Тома: АВТОНОМ, АРТАМОН, ТАМАРА, ТОМ, ТОМИЛА;
Томилка: ТОМИЛА;
Томка: ТОМА;
Томуля: ТАМАРА, ТОМИЛА;
Томуня: ТАМАРА;
Томуся: ТАМАРА, ТОМА;
Тонюня, Тонюра, Тонюся, Тонюха: АНТОНИНА;
Тонюша: АНТОНИНА, АНТОНИЯ;
Тоня: АНТОН, АНТОНИАНА, АНТОНИН, АНТОНИНА, АНТОНИЯ, КАПИТОЛИНА, КАПИТОН, ПЛАТОН, ПЛАТОНИДА, ХРИСТОФОР;
Тора: ВИКТОР, ВИКТОРИЙ;
Торя: ВИКТОРИЙ, ВИКТОРИК, ВИКТОРИН, ЕВСТОРИЙ, САТОРИН, СТРАТОР, ТОРКВАТ;
Тося: АНАТОЛИЙ, АНТОН, АНТОНИАНА, АНТОНИН, АНТОНИНА, АНТОНИЯ, ЕВСТОЛИЯ;
Тотя: АНАТОЛИЙ;
Тоха: ПЛАТОН;
Тоша: АНАТОЛИЙ, АНТОН, АНТОНИАНА, АНТОНИНА, АНТОНИЯ, КАПИТОН, ПЛАТОН;
Традя: ТРОАДИЙ;
Траня: ТРАНКВИЛЛИН, ТРАНКВИЛЛИНА;
Трифа: ТРИФИЛИЙ;
Трифонка, Триша: ТРИФОН;
Троня: ТРОМЕД, ТРОФИМ, ТРОФИМА;
Тропа: ЕВТРОПИЙ, ЕВТРОПИЯ;
Трофимка: ТРОФИМ, ТРОФИМА;
Троха: ТРОФИМ;
Троша: ТРИФИЛИЙ, ТРОФИМ;
Труня: ТРОФИМ;
Труша: ТРИФИЛИЙ, ТРИФОН;
Туня: ФОРТУН;
Тура: АРТУР;
Туся: АНАСТАСИЯ, АНАТОЛИЙ, ВИОЛЕТТА, МАРГАРИТА, МАРК, МАТРОНА, НАТАЛИЯ, ТАИСИЯ, ТАМАРА, ТАТЬЯНА;
Туя: ПЕРПЕТУЯ;
Тюня: АРТАМОН, АРТЕМИЙ, ТИМОФЕЙ;
Тюша: АРТАМОН, АРТЕМИЙ, АРТЕМИЯ, МАТРОНА;

Уварка: УВАР;
Уврика: УВРИКИЙ;
Ульянка, Ульяха, Ульяша: ЮЛИАН, ЮЛИАНА, ЮЛИАНИЯ;
Уля: ФЕОДУЛА, ФЕОДУЛИЯ, ЮЛИАН, ЮЛИАНА, ЮЛИАНИЯ;
Урбанка: УРБАН, УРБАНА;
Урваня: УРВАН;
Урса, Урсулка: УРСУЛА;
Уря: УРИИЛ;
Уста: ВЕНУСТ, ВЕНУСТА;
Устинка: ЮСТИН, ЮСТИНА;
Устиньюшка, Устиня, Устюня: ЮСТИНА;
Устюха, Устюша: ЮСТИН, ЮСТИНА, ЮСТИНИАН;
Устя: АВГУСТА, АВГУСТИН, АВГУСТИНА, ВЕНУСТ, ВЕНУСТА, ФАУСТ, ЮСТИН, ЮСТИНА, ЮСТИНИАН;

Фаба: ФАБИАН;
Фава: ФАВИЙ, ФАВМАСИЙ, ФАВСТА;
Фавстка: ФАВСТ, ФАВСТА;
Фадейка, Фадя: ФАДДЕЙ;
Фаила: РАФАИЛ;
Фаинка: ФАИНА;
Фалалейка: ФАЛАЛЕЙ;
Фалася: ФАЛАССИЙ;
Фалейка: ФАЛАЛЕЙ;
Фаля: АИФАЛ, ЕВФАЛИЯ, РАФАИЛА, ФАВСТА, ФАИНА, ФАЛ, ФАЛАЛЕЙ, ФАЛАССИЙ;
Фана: ЕПИФАНА, НИФОНТ;
Фантинка, Фантя: ФАНТИН, ФАНТИНА;
Фаня: АГАФАНГЕЛ, АФАНАСИЙ, АФАНАСИЯ, ЕВФАЛИЯ, ЕПИФАН, ЕПИФАНА, НАФАНАИЛ, СТЕФАНИЯ, ТРИФОН, ФАВСТА, ФАИНА, ФАН, ФАНТИН, ФАНТИНА, ФЕОФАН, ФЕОФАНИЯ;
Фарнаха, Фарнаша: ФАРНАКИЙ;
Фаса, Фастка: ФАВСТ, ФАВСТА;
Фася: ФАВСТ, ФАВСТА, ФАВСТИАН, ФАВСТИНА, ФАИНА, ФАУСТ, ФОСТИРИЙ;
Фатя: БОНИФАТИЙ, ВОНИФАТИЙ, ИОСАФАТ, ФОТИЙ, ФОТИН, ФОТИНА;
Фаша: АИФАЛ;
Фаюша: ФАИНА;
Фая: ЕВФАЛИЯ, ФАИНА;
Феагенка: ФЕАГЕН;
Фебка: ФЕБ;
Фева, Февроньюшка, Февроня: ФЕВРОНИЯ;
Февруся, Февруха, Февруша: ФЕРВУФА;
Феда: ФЕОДОСИЯ, ФЕОДОТА, ФЕОДУЛА, ФЕОДУЛИЯ;
Федозка: ФЕДОЗА;
Федорка: ФЕОДОРА;
Фёдорка: ФЁДОР;
Федоса: ФЕОДОСИЯ;
Федосейка: ФЕОДОСИЙ;
Федосьюшка: ФЕОДОСИЯ;
Федося: ФЕОДОСИЙ, ФЕОДОСИЯ;
Федотка: ФЕДОТ;
Федотьюшка: ФЕОДОТИЯ;
Федула, Федулка: ФЕОДУЛ;
Федуля: ФЁДОР, ФЕОДУЛ;
Федуня, Федуся, Федюка, Федюля, Федюня, Федюся, Федюха: ФЁДОР;
Федюша: МЕФОДИЙ, ФЁДОР;
Федя: МЕФОДИЙ, ФЁДОР, ФЕДОТ, ФЕОДОРИТ, ФЕОДОСИЙ, ФЕОДОСИЯ, ФЕОДОХ;
Федяйка, Федяка, Федяня, Федяха, Федяша: ФЁДОР;
Фейка: ФЕЯ;
Феклуня, Феклуха, Феклуша, Фёклушка, Феколка: ФЁКЛА;
Феля: ТРИФИЛИЙ, ФЕЛИКИССИМ, ФЕЛИКС, ФЕЛИКСА, ФЕЛИЦАТА, ФЕЛИЦИАН, ФЕЛИЦИАНА, ФЕЛИЦИССИМ, ФЕЛИЦИЯ;
Фема: ФЕМИСТОКЛ;
Фемеля: ФЕМЕЛИЙ;
Фена: АГРИППИНА, СОСФЕН, ТРИФЕНА, ФЕМИСТОКЛ, ФЕОГЕН, ФЕОГНИЙ, ФЕОГНИЯ, ФЕОГНОСТ, ФЕОДОСИЯ, ФЕОНА, ФЕОНИЛЛА, ФЕОПЕНТ, ФЕОПИСТ, ФЕОСТИРИКТ;
Фенаша, Феногенка, Феногеша: ФЕОГЕН;
Фенюха, Фенюша: ФЁКЛА;
Феня: АГРИППИНА, АНФИЯ, ЕВАНФИЯ, КАЛЛИСФЕНИЯ, ПАРФЁН, ПАРФЕНИЙ, ТРИФЕНА, ФЁКЛА, ФЕДОЗА, ФЕКУСА, ФЕОГНИЙ, ФЕОГНИЯ, ФЕОДОРА, ФЕОДОСИЯ, ФЕОДОТИЯ, ФЕОКТИСТА, ФЕОПЕНТ, ФЕОПИСТИЯ;
Феозка: ФЕОЗВА;
Феоктистка: ФЕОКТИСТ, ФЕОКТИСТА;
Феона, Феонилка: ФЕОНИЛЛА;
Феонка: ФЕОНА;
Феопа: ФЕОПЕНТ;
Феофанка: ФЕОФАН;
Феофаня: ФЕОФАН, ФЕОФАНИЯ;
Феофила, Феофилактушка: ФЕОФИЛАКТ;
Феофилка: ФЕОФИЛ, ФЕОФИЛА;
Фера: ЕЛЕФЕРИЙ;
Ферапонтка: ФЕРАПОНТ;
Феря: ЕЛЕФЕРИЙ, ЕФЕРИЙ, ФЕРМ;
Феся: ФЕОДОСИЙ, ФЕСПЕСИЙ, ФЕССАЛОНИКА, ФЕССАЛОНИКИЯ;
Фета: ФЕОКТИСТ, ФЕТИНИЯ, ЯФЕТ;
Фетиньюшка: ФЕТИНИЯ;
Фетя: ФЕТИНИЯ, ЯФЕТ;
Фефа, Фефёлка: ФЕОФИЛА;
Фефила: ФЕОФИЛ;
Феша: ФЕВРОНИЯ, ФЕОГЕН, ФЕОДОСИЙ, ФЕОКТИСТ, ФЕОКТИСТА, ФЕТИНИЯ;
Феюша: ФЕЯ;
Фея: АЛФЕЙ, АЛЬФИЯ, АНФИЯ, ДОРОФЕЯ, ЕВАНФИЯ, ФЕОКТИСТА, ФИЛОФЕЙ, ФИЛОФЕЯ;
Фива, Фивейка: ФИВЕЯ;
Фивка: ФИВА;
Физа: АНФИСА;
Физуня: АНФИСА;
Фила: АМФИЛОХИЙ, ФЕОФИЛ, ФЕОФИЛА, ФЕОФИЛАКТ, ФИЛАГРИЙ, ФИЛАДЕЛЬФ, ФИЛАРЕТ, ФИЛАРЕТА, ФИЛИМОН, ФИЛОЛОГ, ФИЛОМЕНА, ФИЛОНИЛЛА, ФИЛОСОФ, ФИЛОФЕЙ, ФИЛОФЕЯ, ФИЛУМЕН;
Филаретка: ФИЛАРЕТ, ФИЛАРЕТА;
Филатка: ФЕОФИЛАКТ;
Филета: ФИЛЕТЕР;
Филимонка, Филимоха, Филимоша: ФИЛИМОН;
Филипка: ФИЛИПП, ФИЛИППА, ФИЛИППИЯ;
Филоктимка, Филоктимонка: ФИЛОКТИМОН;
Филона: ФИЛИМОН;
Филонидка, Филонилка: ФИЛОНИЛЛА;
Филоня: ФИЛИМОН;
Филофейка: ФИЛОФЕЙ, ФИЛОФЕЯ;
Филоха, Филоша: АМФИЛОХИЙ;
Филуменка: ФИЛУМЕН;
Филюха: ФИЛИПП;
Филюша: ТРИФИЛИЙ, ФИЛИПП, ФИЛИТ;
Филя: АМФИЛОХИЙ, ПАМФИЛ, ТРИФИЛИЙ, ФЕОФИЛ, ФЕОФИЛАКТ, ФИЛАГРИЙ, ФИЛАДЕЛЬФ, ФИЛАРЕТ, ФИЛЕТЕР, ФИЛИКС, ФИЛИМОН, ФИЛИПП, ФИЛИППА, ФИЛИППИЯ, ФИЛИТ, ФИЛОГОНИЙ, ФИЛОКТИМОН, ФИЛОРОМ;
Фима: АНФИМ, АНФИМА, АНФИМИЙ, ЕВФИМИАН, ЕФИМ, ЕФИМИЯ, РУФИН, РУФИНА, СЕРАФИМ, СЕРАФИМА, ТРОФИМ, ТРОФИМА;
Фимуля: ЕФИМ, РУФИН, СЕРАФИМ;
Фина: АДЕЛЬФИНА, АФИНОГЕН, АФИНОДОР, РУФИН, РУФИНА, РУФИНИАН, РУФИНИАНА, СЕРАФИМ, СЕРАФИМА, ФИНЕЕС;
Финаха, Финаша: АФИНОГЕН;
Финеска: ФИНЕЕС;
Финогена: АФИНОГЕН;
Финоха, Финоша: АФИНОГЕН, ФИНЕЕС;
Финя: РУФИНИАН, РУФИНИАНА;
Фира: АНФИР, ГЛАФИРА, ЗЕМФИРА, ПОРФИРИЙ, ФЕРАПОНТ, ФИРМИН, ФИРМОС, ЭСФИРЬ;
Фирсаня, Фирсушка: ФИРС;
Фиса: АНФИСА, ФЕЛИЦАТА, ФИСТА;
Фифа: ЕФИМИЯ, ФИФАИЛ;
Фиша: АНФИМ, АНФИМА, ЕФИМ, ЕФИМИЯ, ФИФАИЛ;
Фия: АПФИЯ;
Флава: ФЛАВИАН, ФЛАВИЙ, ФЛАВИЯ;
Флегонтка: ФЛЕГОНТ;
Флёнка: ФЛЁНА;
Флора: ФЛОР, ФЛОРЕНТИН, ФЛОРЕНТИНА, ФЛОРИАН, ФЛОРИАНА, ФЛОРИДА, ФЛОРИЙ;
Флорентинка: ФЛОРЕНТИНА;
Флорентинушка: ФЛОРЕНТИН;
Флорентьюшка: ФЛОРЕНТИЙ;
Флорианка: ФЛОРИАН, ФЛОРИАНА;
Флоридка: ФЛОРИДА;
Флорка: ФЛОРА;
Фоканя, Фокейка, Фокушка: ФОКА;
Фомаидка: ФОМАИДА;
Фомка: ФОМА, ФОМАИДА;
Фоня: АГАФОН, АГАФОНИКА, АФАНАСИЙ, АФАНАСИЯ, АФОНИЙ, ВИФОНИЙ, КСЕНОФОНТ, НИФОНТ, СОФОНИЙ, ТРИФОН, ФЕРАПОНТ;
Фортунатка: ФОРТУНАТ, ФОРТУНАТА;
Фостя: ФОСТИРИЙ;
Фося: АФАНАСИЙ, АФАНАСИЯ;
Фотейка: ФОТИЙ;
Фотинка: ФОТИН, ФОТИНА, ФОТИНИЯ;
Фотя: ФОРТУН, ФОРТУНАТ, ФОРТУНАТА, ФОТ, ФОТИЙ, ФОТИН, ФОТИНА, ФОТИНИЯ;
Фофа: ФЕОФАН, ФЕОФАНИЯ, ФЕОФИЛ;
Фофаня: ФЕОФАН, ФЕОФАНИЯ;
Фочка: ФОКА;
Фоша: АГАФОН, АФАНАСИЙ, АФАНАСИЯ, КСЕНОФОНТ;
Фрася: ЕВФРАСИЯ, ЕФРАСИЙ;
Фраша: ЕФРАСИЙ;
Фреда: АЛЬФРЕД;
Фролка: ФЛОР;
Фроня: ФРОНТАСИЙ;
Фросюша: ЕФРОСИНИЯ;
Фрося: ЕВФРАСИЯ, ЕФРОСИН, ЕФРОСИНИЯ;
Фрума: ФРУМЕНТИЙ;
Фуса: АНФУСА;
Фуся: АНФУСА, ФУСИК;

Хавроньюшка, Хавроха, Хавроша: ФЕВРОНИЯ;
Хариеска: ХАРИЕССА;
Хариска: ХАРИСА;
Харися: ХАРИСИМ;
Харитинка: ХАРИТИНА;
Харитка: ХАРИТ, ХАРИТА;
Харитонка, Харитоня, Харитоша, Харитюня: ХАРИТОН;
Харитя: ХАРИТА, ХАРИТИНА;
Харламка, Харлампиюшка, Харлампка, Харлаша: ХАРЛАМПИЙ;
Хеза: ХАРИЕССА;
Хиля: РАХИЛЬ;
Хима: АРХИМЕД, ЕФИМИЯ;
Хинка, Хионка: ХИОНИЯ;
Хитя: ХАРИТА;
Ховра, Ховря: ФЕВРОНИЯ;
Хоря: ФЕВРОНИЯ, ХАРИСА, ХАРИСИМ, ХАРИТИНА, ХАРИТОН;
Хриса, Хрисанфка: ХРИСАНФ;
Хрисаня: ХРИСА, ХРИСАНФ, ХРИСИЯ;
Хрисочка: ХРИСА;
Христёна, Христёня, Христинка: ХРИСТИНА;
Христоня: ХРИСТИНА, ХРИСТОФОР;
Христофорка: ХРИСТОФОР;
Христоша: ХРИСТИНА, ХРИСТОФОР;
Христюха, Христюша: ХРИСТИНА;
Христя: ХРИСТИАН, ХРИСТИАНА, ХРИСТИНА, ХРИСТОФОР;
Хрися: ХРИСИЙ, ХРИСИЯ, ХРИСОГОН, ХРИСОТЕЛЬ, ХРИСТИАН, ХРИСТИАНА, ХРИСТИНА, ХРИСТОФОР;
Хритоша: ХАРИТОН;

Цвета, Цветанка: ЦВЕТАН, ЦВЕТАНА;
Цезарька: ЦЕЗАРЬ;
Целестинка, Целя: ЦЕЛЕСТИН, ЦЕЛЕСТИНА;
Цециля, Циля, Ция: ЦЕЦИЛИЯ;

Шура: АЛЕКСАНДР, АЛЕКСАНДРА, МАРИЯ;
Шурёна: АЛЕКСАНДРА;
Шуруня: АЛЕКСАНДР, АЛЕКСАНДРА;
Шуша: ШУШАНИКА;

Эва, Эвелинка: ЭВЕЛИНА;
Эгинка: ЭГИНА;
Эда: ЭДИКТ;
Эдик: ЭДУАРД;
Эдита: ЭДИКТ;
Эдуардик, Эдюня: ЭДУАРД;
Эдя: ЭДИКТ, ЭДУАРД;
Эла: АЭЛИТА, ЭЛЕОНОРА, ЭЛЛАДА, ЭЛЬВИРА;
Эладка: ЭЛЛАДА;
Эладя: ЭЛЛАДИЙ;
Элизбарка: ЭЛИЗБАР;
Элимка: ЭЛИМ;
Элинка: ЭЛЛИНА;
Эллочка: ЭЛЛАДА;
Эльвирка, Элюна, Элюня, Элюся: ЭЛЬВИРА;
Элюша: ЭЛЕОНОРА, ЭЛЬВИРА;
Эля: АЭЛИТА, ЭВЕЛИНА, ЭЛЕОНОРА, ЭЛИЙ, ЭЛИМ, ЭЛЛАДА, ЭЛЛАДИЙ, ЭЛЛИЙ, ЭЛЛИН, ЭЛЛИНА, ЭЛЬВИРА, ЭМИЛИЙ, ЭМИЛИЯ;
Эма: ЭМИЛИАН, ЭМИЛИАНА, ЭМИЛИЙ, ЭМИЛИЯ, ЭММАНУИЛ;
Эмилианка: ЭМИЛИАН, ЭМИЛИАНА;
Эмиля: ЭМИЛИАН, ЭМИЛИАНА, ЭМИЛИЙ, ЭМИЛИЯ;
Эмка: ЭММА;
Эммануилка: ЭММАНУИЛ;
Эмуня: ЭММА;
Эна: ЭННАФА, ЭРНЕСТ;
Энафка: ЭННАФА;
Эня: ЭНЕЙ;
Эра: ЭРАЗМ, ЭРАСТ, ЭРНЕСТ;
Эрастка: ЭРАСТ;
Эрка: ЭРА;
Эрна, Эрнестка: ЭРНЕСТ;
Эроска, Эроська: ЭРОС;
Эсфирка: ЭСФИРЬ;
Этя: АЭТИЙ;

Юва: ЮВЕНАЛИЙ;
Ювентинка: ЮВЕНТИН;
Юда: ИУДА, ЮДИФЬ;
Юка: ЮРИЙ;
Юла: ЮЛИЯ;
Юлианка: ЮЛИАН, ЮЛИАНА, ЮЛИАНИЯ;
Юлюся: ЮЛИЯ;
Юля: ЮВЕНАЛИЙ, ЮЛИАН, ЮЛИАНА, ЮЛИАНИЯ, ЮЛИЙ, ЮЛИЯ;
Юна: ЮВЕНАЛИЙ, ЮНИЯ, ЮНОНА;
Юник: ИЮНИЙ;
Юнонка: ЮНОНА;
Юня: ИЮНИЙ;
Юра: РЮРИК, ЮРИЙ, ЮРИЯ;
Юраня: ЮРИЙ, ЮРИЯ;
Юрася: ЮРИЙ;
Юраха, Юраша: ЮРИЙ, ЮРИЯ;
Юреня, Юрченя: ЮРИЙ;
Юса: ЮСТ;
Юста: ЮСТ, ЮСТИН, ЮСТИНА, ЮСТИНИАН;
Юстинианка: ЮСТИНИАН;
Юстинка: ЮСТИН, ЮСТИНА;
Юстя: ЮСТИН, ЮСТИНА, ЮСТИНИАН;
Юся: ЮСТ;
Юта: ИЯ;
Юша: ИЯ, ЮРИЙ;

Ядя: ЯДВИГА;
Якимка: ИАКИМ;
Яковка, Якуня, Якуха, Якуша: ЯКОВ;
Яна: АВЕРКИЙ, АРИАН, БАЯН, БОЯНА, ГАЯН, ГАЯНИЯ, ГОРДИАН, ЛИЛИАНА, МАРИАННА, СЕВЕРЬЯН, СИМФОРИАН, СТОЯН, ФЛАВИАН, ЮЛИАНА, ЮЛИАНИЯ;
Январка: ЯНУАРИЙ;
Янка: АДРИАН;
Януля, Януся, Януша, Янюля, Янюся, Янюша: ГАЯНИЯ;
Яня: БОЯНА, ГАЯНИЯ, СЕВЕРЬЯН, СТОЯН, ФАВСТИАН, ФЕЛИЦИАН, ЯДВИГА, ЯКОВ, ЯНУАРИЙ;
Ярославка: ЯРОСЛАВ, ЯРОСЛАВА;
Яся: СВЯТОСЛАВ, ЯКОВ, ЯСОН;
Яша: АДРИАН, ЯДВИГА, ЯКОВ, ЯКУН;
Яшата, Яшоня, Яшуня, Яшута: ЯКОВ.

